Asset,Type,Entry_Date,Exit_Date,Entry_Price,Exit_Price,PnL_USD,Reason,Duration,equity,returns
ETHUSDT:USDT,Short,2024-04-12 17:00:00,2024-04-12 18:15:00,3412.78076,3312.9627,0.8465717661277523,TP_Hit,0 days 01:15:00,1000.8465717661278,0.0
ETHUSDT:USDT,Short,2024-04-12 18:15:00,2024-04-13 01:30:00,3299.7373,3192.2818199999997,0.9467696555323464,TP_Hit,0 days 07:15:00,1001.7933414216601,0.0009459688250335052
ETHUSDT:USDT,Short,2024-04-13 01:30:00,2024-04-13 03:45:00,3179.53818,3238.52412,-0.5870462959978191,Trailing_Stop,0 days 02:15:00,1001.2062951256623,-0.0005859954061629979
ETHUSDT:USDT,Short,2024-04-13 17:00:00,2024-04-13 19:45:00,3223.9392000000003,3089.53674,1.2208871329322868,TP_Hit,0 days 02:45:00,1002.4271822585946,0.001219416157165698
ETHUSDT:USDT,Short,2024-04-13 20:30:00,2024-04-13 21:15:00,2955.93628,2869.9785,0.8435615321245251,TP_Hit,0 days 00:45:00,1003.270743790719,0.0008415190121080496
ETHUSDT:USDT,Short,2024-04-13 21:45:00,2024-04-13 22:30:00,2944.56906,3028.31454,-0.8852524988122212,Trailing_Stop,0 days 00:45:00,1002.3854912919069,-0.0008823665040479378
ETHUSDT:USDT,Short,2024-04-13 23:00:00,2024-04-14 03:00:00,3034.14954,2918.76588,1.1123564496310472,TP_Hit,0 days 04:00:00,1003.497847741538,0.0011097092478837833
ETHUSDT:USDT,Short,2024-04-14 09:00:00,2024-04-14 16:15:00,3050.95586,3099.64692,-0.510077587743968,Trailing_Stop,0 days 07:15:00,1002.9877701537939,-0.0005082996330206813
ETHUSDT:USDT,Short,2024-04-14 20:45:00,2024-04-14 22:00:00,3059.8580199999997,3147.61266,-0.8921768275642563,Trailing_Stop,0 days 01:15:00,1002.0955933262297,-0.0008895191488001997
ETHUSDT:USDT,Short,2024-04-15 00:00:00,2024-04-15 06:00:00,3133.26092,3195.56838,-0.6272897951977079,Trailing_Stop,0 days 06:00:00,1001.468303531032,-0.0006259779998788462
ETHUSDT:USDT,Short,2024-04-15 08:00:00,2024-04-15 14:45:00,3232.00304,3134.41632,0.8761952926612011,TP_Hit,0 days 06:45:00,1002.3444988236931,0.0008749106582521815
ETHUSDT:USDT,Short,2024-04-15 14:45:00,2024-04-15 22:30:00,3121.90368,3127.0416,-0.07950955291216388,Trailing_Stop,0 days 07:45:00,1002.264989270781,-7.932357887474595e-05
ETHUSDT:USDT,Short,2024-04-15 22:30:00,2024-04-16 04:30:00,3114.5584000000003,3023.6853,0.8463437528917162,TP_Hit,0 days 06:00:00,1003.1113330236727,0.0008444311254527381
ETHUSDT:USDT,Short,2024-04-16 04:30:00,2024-04-16 06:00:00,3011.6147,3064.0658999999996,-0.5536840113758004,SL_Hit,0 days 01:30:00,1002.5576490122969,-0.0005519666592808115
ETHUSDT:USDT,Short,2024-04-16 06:00:00,2024-04-16 07:30:00,3051.8341,3104.28618,-0.546490591317518,SL_Hit,0 days 01:30:00,1002.0111584209794,-0.0005450964259819946
ETHUSDT:USDT,Short,2024-04-17 14:00:00,2024-04-17 18:00:00,3005.85624,3035.04798,-0.3217030125592366,Trailing_Stop,0 days 04:00:00,1001.6894554084201,-0.00032105731543574656
ETHUSDT:USDT,Short,2024-04-19 01:00:00,2024-04-19 02:15:00,3004.5788,2880.38928,1.2108047732514784,TP_Hit,0 days 01:15:00,1002.9002601816717,0.0012087626227010873
ETHUSDT:USDT,Short,2024-04-25 10:30:00,2024-04-25 12:15:00,3081.6244,3134.22594,-0.5431412014359651,SL_Hit,0 days 01:45:00,1002.3571189802357,-0.0005415705060617393
ETHUSDT:USDT,Short,2024-04-30 08:00:00,2024-04-30 11:00:00,3134.38866,3039.89766,0.8755509855886494,TP_Hit,0 days 03:00:00,1003.2326699658244,0.000873492060872838
ETHUSDT:USDT,Short,2024-04-30 11:00:00,2024-04-30 19:45:00,3027.7623399999998,2933.4552,0.9064103930839096,TP_Hit,0 days 08:45:00,1004.1390803589082,0.0009034897090369753
ETHUSDT:USDT,Short,2024-05-01 07:00:00,2024-05-01 11:45:00,2894.19002,2909.99838,-0.19450092207881653,Trailing_Stop,0 days 04:45:00,1003.9445794368295,-0.0001936991855842063
ETHUSDT:USDT,Short,2024-05-01 19:00:00,2024-05-02 10:45:00,2964.61888,2970.23862,-0.08715365117696905,Trailing_Stop,0 days 15:45:00,1003.8574257856525,-8.681121743381315e-05
ETHUSDT:USDT,Short,2024-05-10 14:00:00,2024-05-10 17:00:00,3000.46704,2912.62362,0.8506880257382115,TP_Hit,0 days 03:00:00,1004.7081138113907,0.0008474191691838495
ETHUSDT:USDT,Long,2024-05-20 19:00:00,2024-05-20 19:15:00,3151.4403,3343.8588799999998,1.8083627326770788,TP_Hit,0 days 00:15:00,1006.5164765440678,0.0017998886520553814
ETHUSDT:USDT,Long,2024-05-20 19:15:00,2024-05-20 20:30:00,3357.26112,3507.83028,1.3226822055383636,TP_Hit,0 days 01:15:00,1007.8391587496061,0.0013141187813237032
ETHUSDT:USDT,Long,2024-05-20 20:30:00,2024-05-20 21:45:00,3521.88972,3643.91756,1.0163176216778957,TP_Hit,0 days 01:15:00,1008.855476371284,0.0010084125158809076
ETHUSDT:USDT,Long,2024-05-20 21:45:00,2024-05-21 11:15:00,3658.5224399999997,3761.961,0.8245893068832544,TP_Hit,0 days 13:30:00,1009.6800656781672,0.0008173512720068832
ETHUSDT:USDT,Short,2024-05-23 13:15:00,2024-05-23 18:15:00,3844.57544,3731.45802,0.8600408720406776,TP_Hit,0 days 05:00:00,1010.540106550208,0.0008517954362732283
ETHUSDT:USDT,Short,2024-05-24 05:00:00,2024-05-24 06:30:00,3804.0067400000003,3696.50826,0.8255410651406621,TP_Hit,0 days 01:30:00,1011.3656476153486,0.0008169305303071805
ETHUSDT:USDT,Short,2024-05-24 06:30:00,2024-05-24 12:00:00,3681.75174,3729.7446,-0.4254501052080286,Trailing_Stop,0 days 05:30:00,1010.9401975101406,-0.0004206689303826172
ETHUSDT:USDT,Short,2024-06-18 01:45:00,2024-06-18 04:15:00,3399.74688,3459.31482,-0.561186009702535,SL_Hit,0 days 02:30:00,1010.3790115004381,-0.0005551129642333841
ETHUSDT:USDT,Short,2024-07-05 02:00:00,2024-07-05 02:45:00,3063.22128,2932.51332,1.2617844606223692,TP_Hit,0 days 00:45:00,1011.6407959610605,0.0012488229132439077
ETHUSDT:USDT,Short,2024-07-05 04:15:00,2024-07-05 10:00:00,2891.2958200000003,2926.9121400000004,-0.40383115342788045,Trailing_Stop,0 days 05:45:00,1011.2369648076325,-0.00039918433009056287
ETHUSDT:USDT,Short,2024-07-24 18:00:00,2024-07-25 01:00:00,3411.95242,3235.0571999999997,1.5409400987527349,TP_Hit,0 days 07:00:00,1012.7779049063853,0.0015238170205198465
ETHUSDT:USDT,Short,2024-07-25 01:00:00,2024-07-25 14:00:00,3222.1428,3129.56664,0.8416946813662278,TP_Hit,0 days 13:00:00,1013.6195995877515,0.0008310752804623345
ETHUSDT:USDT,Short,2024-07-25 18:00:00,2024-07-25 21:15:00,3154.3187199999998,3181.9512,-0.2965276803211765,Trailing_Stop,0 days 03:15:00,1013.3230719074303,-0.00029254335693762457
ETHUSDT:USDT,Short,2024-08-02 14:00:00,2024-08-02 15:00:00,3128.62022,2994.94794,1.2671475588134165,TP_Hit,0 days 01:00:00,1014.5902194662438,0.001250487227561381
ETHUSDT:USDT,Short,2024-08-03 15:00:00,2024-08-03 17:45:00,2994.3992000000003,2906.8921800000003,0.8581710954088528,TP_Hit,0 days 02:45:00,1015.4483905616526,0.0008458302464815493
ETHUSDT:USDT,Short,2024-08-04 17:00:00,2024-08-04 17:30:00,2741.78544,2655.48036,0.9274968060564,TP_Hit,0 days 00:30:00,1016.375887367709,0.000913386455360321
ETHUSDT:USDT,Short,2024-08-04 17:45:00,2024-08-04 19:15:00,2693.602,2764.518,-0.8324497892313545,Trailing_Stop,0 days 01:30:00,1015.5434375784777,-0.0008190373262270123
ETHUSDT:USDT,Short,2024-08-05 00:00:00,2024-08-05 00:45:00,2644.9594800000004,2531.09208,1.2798182710616608,TP_Hit,0 days 00:45:00,1016.8232558495394,0.001260229965262205
ETHUSDT:USDT,Short,2024-08-05 02:45:00,2024-08-05 04:00:00,2328.20426,2379.6498,-0.7038826055948206,Trailing_Stop,0 days 01:15:00,1016.1193732439444,-0.0006922369266690875
ETHUSDT:USDT,Short,2024-08-05 04:00:00,2024-08-05 06:00:00,2370.1502,2284.99086,1.0636942029551157,TP_Hit,0 days 02:00:00,1017.1830674468996,0.001046820118741909
ETHUSDT:USDT,Short,2024-08-05 08:00:00,2024-08-05 11:15:00,2330.25016,2238.969,1.163649867612257,TP_Hit,0 days 03:15:00,1018.3467173145118,0.0011439925661886896
ETHUSDT:USDT,Short,2024-08-05 12:00:00,2024-08-05 13:15:00,2256.84726,2191.98522,0.846593497002214,TP_Hit,0 days 01:15:00,1019.193310811514,0.0008313411165450368
ETHUSDT:USDT,Short,2024-08-05 16:00:00,2024-08-05 16:15:00,2472.21566,2517.024,-0.584200947498168,SL_Hit,0 days 00:15:00,1018.6091098640159,-0.0005731993541372438
ETHUSDT:USDT,Short,2024-08-05 16:15:00,2024-08-05 18:15:00,2506.976,2422.8861,0.9934134374348496,TP_Hit,0 days 02:00:00,1019.6025233014508,0.0009752646307743529
ETHUSDT:USDT,Short,2024-08-05 18:15:00,2024-08-05 20:00:00,2413.2139,2427.11454,-0.20660588943555425,Trailing_Stop,0 days 01:45:00,1019.3959174120153,-0.0002026337565020908
ETHUSDT:USDT,Short,2024-08-05 21:00:00,2024-08-06 00:00:00,2442.29562,2478.52716,-0.48381140516152144,Trailing_Stop,0 days 03:00:00,1018.9121060068537,-0.0004746059866413965
ETHUSDT:USDT,Short,2024-08-06 01:00:00,2024-08-06 08:30:00,2534.31122,2462.4651000000003,0.8351314820805911,TP_Hit,0 days 07:30:00,1019.7472374889343,0.0008196305423766592
ETHUSDT:USDT,Short,2024-08-06 08:30:00,2024-08-06 14:00:00,2452.6349,2528.8676400000004,-0.9805143304333903,Trailing_Stop,0 days 05:30:00,1018.7667231585009,-0.0009615268317351156
ETHUSDT:USDT,Short,2024-08-06 14:00:00,2024-08-07 00:00:00,2518.77236,2447.86596,0.8289610050501857,TP_Hit,0 days 10:00:00,1019.595684163551,0.0008136906970028779
ETHUSDT:USDT,Short,2024-08-07 00:00:00,2024-08-07 01:30:00,2438.09404,2479.6694399999997,-0.5516634436676711,SL_Hit,0 days 01:30:00,1019.0440207198834,-0.0005410609835213576
ETHUSDT:USDT,Short,2024-08-07 01:30:00,2024-08-07 02:15:00,2469.77056,2523.35664,-0.6932073815607893,SL_Hit,0 days 00:45:00,1018.3508133383226,-0.0006802526362610362
ETHUSDT:USDT,Short,2024-08-07 02:15:00,2024-08-07 14:00:00,2513.2833600000004,2441.4231,0.8420821810121772,TP_Hit,0 days 11:45:00,1019.1928955193348,0.0008269077512215173
ETHUSDT:USDT,Short,2024-08-07 14:00:00,2024-08-07 18:15:00,2431.6769000000004,2362.07472,0.8437234589095013,TP_Hit,0 days 04:15:00,1020.0366189782443,0.000827834909975067
ETHUSDT:USDT,Short,2024-08-07 18:15:00,2024-08-08 01:00:00,2352.64528,2396.4833999999996,-0.6002378168525375,Trailing_Stop,0 days 06:45:00,1019.4363811613918,-0.000588447322071417
ETHUSDT:USDT,Short,2024-08-08 03:00:00,2024-08-08 12:30:00,2440.11,2498.5371,-0.7621462013893385,Trailing_Stop,0 days 09:30:00,1018.6742349600024,-0.0007476152661149982
ETHUSDT:USDT,Short,2024-08-08 13:00:00,2024-08-08 14:30:00,2463.93226,2491.473,-0.371807277495094,Trailing_Stop,0 days 01:30:00,1018.3024276825073,-0.0003649913433902974
ETHUSDT:USDT,Short,2024-08-09 14:00:00,2024-08-10 06:00:00,2625.4585599999996,2616.75306,0.07064430063194038,Trailing_Stop,0 days 16:00:00,1018.3730719831392,6.937457744515818e-05
ETHUSDT:USDT,Short,2024-08-11 20:30:00,2024-08-12 09:30:00,2561.8759800000003,2596.24212,-0.43996859899787566,Trailing_Stop,0 days 13:00:00,1017.9331033841414,-0.00043203086481946595
ETHUSDT:USDT,Short,2024-08-12 13:00:00,2024-08-12 14:00:00,2678.5820999999996,2676.3520200000003,-0.005138709843350853,Trailing_Stop,0 days 01:00:00,1017.927964674298,-5.048180304112471e-06
ETHUSDT:USDT,Short,2024-08-14 13:00:00,2024-08-15 06:15:00,2713.23266,2626.80312,0.9412667687876883,TP_Hit,0 days 17:15:00,1018.8692314430857,0.0009246889774650047
ETHUSDT:USDT,Short,2024-08-15 18:15:00,2024-08-16 02:30:00,2550.25926,2595.14994,-0.5680643103338099,Trailing_Stop,0 days 08:15:00,1018.3011671327519,-0.0005575438857146064
ETHUSDT:USDT,Short,2024-08-20 14:00:00,2024-08-21 14:30:00,2614.2111,2614.98954,-0.03963659883982018,Trailing_Stop,1 days 00:30:00,1018.261530533912,-3.89242398213252e-05
ETHUSDT:USDT,Short,2024-08-27 21:00:00,2024-08-27 22:00:00,2549.90996,2421.14262,1.5105384505091628,TP_Hit,0 days 01:00:00,1019.7720689844213,0.0014834484120374025
ETHUSDT:USDT,Short,2024-08-27 22:45:00,2024-08-28 09:30:00,2453.7027599999997,2484.6594,-0.4161795739882841,Trailing_Stop,0 days 10:45:00,1019.355889410433,-0.00040811038725818705
ETHUSDT:USDT,Short,2024-08-28 13:00:00,2024-08-28 18:45:00,2514.74044,2537.064,-0.3017764193281991,Trailing_Stop,0 days 05:45:00,1019.0541129911047,-0.00029604618216583223
ETHUSDT:USDT,Short,2024-08-29 18:00:00,2024-08-30 14:45:00,2549.38102,2466.3228,0.9644484919794181,TP_Hit,0 days 20:45:00,1020.0185614830842,0.0009464153862730473
ETHUSDT:USDT,Short,2024-09-01 22:00:00,2024-09-02 08:15:00,2463.4632,2469.38892,-0.10413484035757037,Trailing_Stop,0 days 10:15:00,1019.9144266427267,-0.00010209112293624312
ETHUSDT:USDT,Short,2024-09-03 13:00:00,2024-09-03 23:45:00,2508.5728,2428.8981000000003,0.9402348419403133,TP_Hit,0 days 10:45:00,1020.854661484667,0.0009218762058649244
ETHUSDT:USDT,Short,2024-09-04 01:30:00,2024-09-04 07:30:00,2367.29592,2412.68574,-0.6172452406794697,SL_Hit,0 days 06:00:00,1020.2374162439875,-0.0006046357664486468
ETHUSDT:USDT,Short,2024-09-06 20:00:00,2024-09-06 21:45:00,2222.22664,2220.94302,-0.012945275605407147,Trailing_Stop,0 days 01:45:00,1020.2244709683821,-1.268849328528443e-05
ETHUSDT:USDT,Short,2024-09-11 13:00:00,2024-09-11 15:30:00,2334.76112,2338.14696,-0.07494783364968072,Trailing_Stop,0 days 02:30:00,1020.1495231347324,-7.346210151049082e-05
ETHUSDT:USDT,Short,2024-09-15 23:15:00,2024-09-16 07:45:00,2321.83702,2313.84846,0.07458863611506317,Trailing_Stop,0 days 08:30:00,1020.2241117708475,7.311539575671766e-05
ETHUSDT:USDT,Short,2024-10-02 18:00:00,2024-10-03 08:15:00,2409.73088,2339.67,0.8583679152025603,TP_Hit,0 days 14:15:00,1021.08247968605,0.000841352312005883
ETHUSDT:USDT,Short,2024-10-03 08:15:00,2024-10-03 10:45:00,2330.33,2372.31516,-0.5819806650528392,SL_Hit,0 days 02:30:00,1020.5004990209972,-0.000569964402123313
ETHUSDT:USDT,Short,2024-10-03 14:00:00,2024-10-04 01:15:00,2342.21618,2375.5917,-0.46642886559824603,Trailing_Stop,0 days 11:15:00,1020.0340701553989,-0.0004570589294622396
ETHUSDT:USDT,Short,2024-10-07 18:00:00,2024-10-09 01:30:00,2454.64088,2470.9420200000004,-0.23361756842965065,Trailing_Stop,1 days 07:30:00,1019.8004525869693,-0.00022902918173506315
ETHUSDT:USDT,Short,2024-10-09 20:00:00,2024-10-10 05:45:00,2407.85464,2409.4092,-0.05032637977952703,Trailing_Stop,0 days 09:45:00,1019.7501262071897,-4.934924244437422e-05
ETHUSDT:USDT,Short,2024-10-15 11:00:00,2024-10-15 13:45:00,2595.0195599999997,2675.96124,-0.9838540827512752,Trailing_Stop,0 days 02:45:00,1018.7662721244385,-0.0009647991772362419
ETHUSDT:USDT,Short,2024-10-15 14:00:00,2024-10-15 14:30:00,2653.80176,2576.16204,0.8626947439255481,TP_Hit,0 days 00:30:00,1019.628966868364,0.0008468034008688452
ETHUSDT:USDT,Short,2024-10-15 14:30:00,2024-10-15 23:45:00,2565.87796,2611.7430600000002,-0.576818501187617,SL_Hit,0 days 09:15:00,1019.0521483671764,-0.0005657141175179348
ETHUSDT:USDT,Short,2024-10-16 00:00:00,2024-10-16 12:00:00,2595.3988,2649.00744,-0.6614037482750881,SL_Hit,0 days 12:00:00,1018.3907446189013,-0.0006490381766378617
ETHUSDT:USDT,Short,2024-10-16 13:00:00,2024-10-18 01:45:00,2621.8358200000002,2648.7068400000003,-0.3433611590683192,Trailing_Stop,1 days 12:45:00,1018.047383459833,-0.0003371605259401278
ETHUSDT:USDT,Short,2024-10-22 00:00:00,2024-10-23 08:45:00,2664.58016,2581.01172,0.9263622925522874,TP_Hit,1 days 08:45:00,1018.9737457523853,0.0009099402519008315
ETHUSDT:USDT,Short,2024-10-23 08:45:00,2024-10-23 16:45:00,2570.7082800000003,2496.47298,0.8513065547955065,TP_Hit,0 days 08:00:00,1019.8250523071807,0.0008354548469420298
ETHUSDT:USDT,Short,2024-10-23 16:45:00,2024-10-23 23:30:00,2486.5070199999996,2530.26042,-0.5684117648126445,SL_Hit,0 days 06:45:00,1019.2566405423681,-0.0005573620333474416
ETHUSDT:USDT,Short,2024-10-24 08:00:00,2024-10-25 07:15:00,2543.78224,2471.67348,0.8353435339487696,TP_Hit,0 days 23:15:00,1020.0919840763169,0.0008195615321222594
ETHUSDT:USDT,Short,2024-10-25 17:00:00,2024-10-25 23:00:00,2524.58072,2414.5795200000002,1.3014892999039205,TP_Hit,0 days 06:00:00,1021.3934733762208,0.001275854844680957
ETHUSDT:USDT,Short,2024-10-25 23:30:00,2024-10-26 00:30:00,2406.38758,2450.28078,-0.5889981905518766,SL_Hit,0 days 01:00:00,1020.8044751856689,-0.0005766614002387094
ETHUSDT:USDT,Short,2024-10-31 13:00:00,2024-10-31 17:15:00,2629.29088,2554.2282600000003,0.8427782884928661,TP_Hit,0 days 04:15:00,1021.6472534741617,0.0008256020706995937
ETHUSDT:USDT,Short,2024-10-31 18:00:00,2024-11-01 12:30:00,2524.93002,2540.86158,-0.22384476901092754,Trailing_Stop,0 days 18:30:00,1021.4234087051509,-0.00021910181645345972
ETHUSDT:USDT,Short,2024-11-01 15:00:00,2024-11-03 01:45:00,2549.43092,2476.65342,0.8432265001047412,TP_Hit,1 days 10:45:00,1022.2666352052556,0.0008255406062933623
ETHUSDT:USDT,Short,2024-11-03 02:00:00,2024-11-03 20:45:00,2465.1897400000003,2472.44502,-0.12083648047777729,Trailing_Stop,0 days 18:45:00,1022.1457987247778,-0.0001182044647809466
ETHUSDT:USDT,Short,2024-11-04 21:00:00,2024-11-05 03:45:00,2419.2917199999997,2424.56946,-0.09749250928055275,Trailing_Stop,0 days 06:45:00,1022.0483062154973,-9.538023773336679e-05
ETHUSDT:USDT,Short,2024-11-05 19:00:00,2024-11-06 00:30:00,2442.94432,2480.3007,-0.4990533552341283,Trailing_Stop,0 days 05:30:00,1021.5492528602632,-0.0004882874441444196
ETHUSDT:USDT,Long,2024-11-06 02:00:00,2024-11-06 02:45:00,2492.96598,2562.6244800000004,0.8248216228060414,TP_Hit,0 days 00:45:00,1022.3740744830692,0.0008074222760150462
ETHUSDT:USDT,Long,2024-11-06 02:45:00,2024-11-06 15:15:00,2572.89552,2656.74586,0.9679004648758891,TP_Hit,0 days 12:30:00,1023.3419749479451,0.0009467185143219314
ETHUSDT:USDT,Short,2024-11-07 06:00:00,2024-11-07 15:45:00,2808.10254,2853.83628,-0.5301954225291468,Trailing_Stop,0 days 09:45:00,1022.8117795254159,-0.0005181019009370402
ETHUSDT:USDT,Short,2024-11-10 19:00:00,2024-11-10 21:00:00,3216.16478,3104.5467,1.0331615364847657,TP_Hit,0 days 02:00:00,1023.8449410619007,0.0010101189262448074
ETHUSDT:USDT,Short,2024-11-11 05:00:00,2024-11-11 10:00:00,3163.64004,3200.5383,-0.38859726521016924,Trailing_Stop,0 days 05:00:00,1023.4563437966906,-0.00037954698961262245
ETHUSDT:USDT,Short,2024-11-12 09:00:00,2024-11-12 10:30:00,3389.19802,3290.90868,0.8588364289917187,TP_Hit,0 days 01:30:00,1024.3151802256823,0.0008391529684652621
ETHUSDT:USDT,Short,2024-11-12 10:45:00,2024-11-12 19:00:00,3280.10664,3310.3575,-0.3138491715794949,Trailing_Stop,0 days 08:15:00,1024.0013310541028,-0.00030639902408780006
ETHUSDT:USDT,Short,2024-11-12 19:00:00,2024-11-13 04:30:00,3297.1425,3188.69466,0.978696584713191,TP_Hit,0 days 09:30:00,1024.980027638816,0.0009557571411609178
ETHUSDT:USDT,Short,2024-11-13 04:45:00,2024-11-13 13:30:00,3186.00522,3223.99512,-0.3970383474296071,Trailing_Stop,0 days 08:45:00,1024.5829892913864,-0.0003873620331356076
ETHUSDT:USDT,Long,2024-11-13 14:00:00,2024-11-13 16:00:00,3234.4660200000003,3325.42582,0.832799187007911,TP_Hit,0 days 02:00:00,1025.4157884783942,0.0008128176982362678
ETHUSDT:USDT,Short,2024-11-13 19:00:00,2024-11-14 01:45:00,3210.6657999999998,3223.6845,-0.1553742997585026,Trailing_Stop,0 days 06:45:00,1025.2604141786358,-0.00015152321770761645
ETHUSDT:USDT,Short,2024-11-14 06:00:00,2024-11-14 14:45:00,3222.82144,3117.13182,0.9769091608216058,TP_Hit,0 days 08:45:00,1026.2373233394574,0.000952840027091284
ETHUSDT:USDT,Short,2024-11-14 14:45:00,2024-11-14 16:30:00,3104.6881799999996,3152.6928000000003,-0.5063408540915546,Trailing_Stop,0 days 01:45:00,1025.7309824853658,-0.0004933954774164473
ETHUSDT:USDT,Short,2024-11-14 17:00:00,2024-11-15 04:30:00,3132.13318,3038.88564,0.8844309540221573,TP_Hit,0 days 11:30:00,1026.615413439388,0.000862244554492575
ETHUSDT:USDT,Short,2024-11-15 04:30:00,2024-11-15 09:00:00,3026.7543600000004,3099.2361,-0.7675922530175185,Trailing_Stop,0 days 04:30:00,1025.8478211863705,-0.0007476921181670537
ETHUSDT:USDT,Short,2024-11-15 14:00:00,2024-11-15 20:30:00,3084.85792,3088.7652,-0.06971660959988313,Trailing_Stop,0 days 06:30:00,1025.7781045767706,-6.795999188191626e-05
ETHUSDT:USDT,Long,2024-11-16 11:00:00,2024-11-16 23:30:00,3144.2659799999997,3121.3448,-0.2548816025519969,Trailing_Stop,0 days 12:30:00,1025.5232229742185,-0.00024847635313618444
ETHUSDT:USDT,Short,2024-11-17 01:00:00,2024-11-17 04:30:00,3133.6701,3139.9573800000003,-0.09243112756236727,Trailing_Stop,0 days 03:30:00,1025.4307918466561,-9.013070156937975e-05
ETHUSDT:USDT,Short,2024-11-17 05:00:00,2024-11-18 02:00:00,3113.24104,3126.45042,-0.1611584779159969,Trailing_Stop,0 days 21:00:00,1025.2696333687402,-0.00015716173065727368
ETHUSDT:USDT,Short,2024-11-18 11:00:00,2024-11-18 15:30:00,3087.52258,3146.60064,-0.6187088010125734,Trailing_Stop,0 days 04:30:00,1024.6509245677275,-0.000603459598212952
ETHUSDT:USDT,Short,2024-11-19 00:00:00,2024-11-19 13:45:00,3191.61398,3089.7672,0.9492007834714826,TP_Hit,0 days 13:45:00,1025.600125351199,0.000926365029018994
ETHUSDT:USDT,Short,2024-11-19 13:45:00,2024-11-19 18:00:00,3077.4328,3138.58464,-0.6415493417122882,SL_Hit,0 days 04:15:00,1024.958576009487,-0.0006255355531400442
ETHUSDT:USDT,Short,2024-11-20 16:00:00,2024-11-21 03:15:00,3107.4725999999996,3107.59278,-0.031936761404377734,Trailing_Stop,0 days 11:15:00,1024.9266392480824,-3.1159075256304014e-05
ETHUSDT:USDT,Long,2024-11-21 12:00:00,2024-11-21 13:00:00,3222.95304,3361.1941399999996,1.286788919039175,TP_Hit,0 days 01:00:00,1026.2134281671217,0.0012554936809754391
ETHUSDT:USDT,Long,2024-11-21 13:00:00,2024-11-21 15:00:00,3374.66586,3316.4039000000002,-0.5617671189414395,SL_Hit,0 days 02:00:00,1025.6516610481801,-0.0005474174314255009
ETHUSDT:USDT,Short,2024-11-22 00:00:00,2024-11-22 04:15:00,3358.70912,3429.90612,-0.6823618317227904,Trailing_Stop,0 days 04:15:00,1024.9692992164573,-0.0006652958871293801
ETHUSDT:USDT,Short,2024-11-22 10:00:00,2024-11-23 00:15:00,3341.4537,3362.7621000000004,-0.2266394068263935,Trailing_Stop,0 days 14:15:00,1024.742659809631,-0.00022111823934578556
ETHUSDT:USDT,Short,2024-11-24 11:00:00,2024-11-24 22:45:00,3353.00056,3368.40336,-0.17182298096430415,Trailing_Stop,0 days 11:45:00,1024.5708368286666,-0.0001676742734574299
ETHUSDT:USDT,Short,2024-11-25 14:00:00,2024-11-25 15:00:00,3506.96202,3400.59762,0.90057222897644,TP_Hit,0 days 01:00:00,1025.471409057643,0.0008789750758122494
ETHUSDT:USDT,Long,2024-11-25 15:00:00,2024-11-25 15:45:00,3400.59762,3514.2174800000003,0.9960912845094114,TP_Hit,0 days 00:45:00,1026.4675003421526,0.0009713496404788469
ETHUSDT:USDT,Short,2024-11-25 21:00:00,2024-11-25 23:00:00,3472.7306200000003,3479.7055200000004,-0.09258127063285926,Trailing_Stop,0 days 02:00:00,1026.3749190715196,-9.01940593366346e-05
ETHUSDT:USDT,Short,2024-11-25 23:00:00,2024-11-26 08:15:00,3465.81448,3368.36328,0.834126190644934,TP_Hit,0 days 09:15:00,1027.2090452621646,0.0008126915176371874
ETHUSDT:USDT,Short,2024-11-26 09:00:00,2024-11-26 18:15:00,3381.05434,3279.33558,0.895361779195202,TP_Hit,0 days 09:15:00,1028.1044070413598,0.0008716451469394926
ETHUSDT:USDT,Short,2024-11-26 18:45:00,2024-11-26 22:00:00,3278.43,3343.34334,-0.640930459732445,SL_Hit,0 days 03:15:00,1027.4634765816274,-0.0006234098943090904
ETHUSDT:USDT,Short,2024-11-28 15:15:00,2024-11-29 13:00:00,3556.5127199999997,3621.41838,-0.5927915854788495,SL_Hit,0 days 21:45:00,1026.8706849961486,-0.0005769466253447986
ETHUSDT:USDT,Short,2024-12-01 02:00:00,2024-12-02 02:45:00,3693.06906,3753.22146,-0.5320718682527215,Trailing_Stop,1 days 00:45:00,1026.3386131278958,-0.0005181488536259993
ETHUSDT:USDT,Short,2024-12-02 03:00:00,2024-12-02 08:15:00,3738.1587,3627.65082,0.8785218442876328,TP_Hit,0 days 05:15:00,1027.2171349721834,0.0008559766075741937
ETHUSDT:USDT,Short,2024-12-02 08:15:00,2024-12-02 15:15:00,3613.16918,3676.6185600000003,-0.5714315044246412,Trailing_Stop,0 days 07:00:00,1026.6457034677587,-0.0005562908609776374
ETHUSDT:USDT,Short,2024-12-02 16:00:00,2024-12-02 23:45:00,3667.28074,3653.55252,0.08438071784531331,Trailing_Stop,0 days 07:45:00,1026.730084185604,8.219068911530236e-05
ETHUSDT:USDT,Short,2024-12-03 13:00:00,2024-12-03 21:15:00,3588.41878,3635.9774399999997,-0.43862284040313426,Trailing_Stop,0 days 08:15:00,1026.291461345201,-0.0004272036508513599
ETHUSDT:USDT,Short,2024-12-05 18:00:00,2024-12-05 22:15:00,3907.4294800000002,3756.6382799999997,1.1561882655437579,TP_Hit,0 days 04:15:00,1027.4476496107447,0.0011265691171475911
ETHUSDT:USDT,Short,2024-12-05 22:30:00,2024-12-06 00:30:00,3787.23036,3867.30918,-0.6819154739438069,Trailing_Stop,0 days 02:00:00,1026.765734136801,-0.0006636985097995263
ETHUSDT:USDT,Short,2024-12-06 12:00:00,2024-12-06 14:15:00,3875.05436,3927.30894,-0.44576147843985225,Trailing_Stop,0 days 02:15:00,1026.3199726583612,-0.00043414136605812725
ETHUSDT:USDT,Short,2024-12-06 22:30:00,2024-12-09 07:00:00,4029.425,3902.90022,0.9350433956628521,TP_Hit,2 days 08:30:00,1027.2550160540238,0.0009110642105509825
ETHUSDT:USDT,Short,2024-12-09 15:00:00,2024-12-09 20:15:00,3890.23394,3771.2875200000003,0.9105096848103145,TP_Hit,0 days 05:15:00,1028.1655257388343,0.0008863521429254284
ETHUSDT:USDT,Short,2024-12-09 20:30:00,2024-12-10 00:15:00,3760.464,3754.3136400000003,0.019552521357823593,Trailing_Stop,0 days 03:45:00,1028.185078260192,1.901690036110182e-05
ETHUSDT:USDT,Short,2024-12-10 02:00:00,2024-12-10 06:00:00,3732.04096,3725.61636,0.022201069433670284,Trailing_Stop,0 days 04:00:00,1028.2072793296256,2.15924835935688e-05
ETHUSDT:USDT,Short,2024-12-10 12:00:00,2024-12-10 15:15:00,3726.76154,3610.49658,0.9305107059332656,TP_Hit,0 days 03:15:00,1029.137790035559,0.000904983581267782
ETHUSDT:USDT,Short,2024-12-10 15:15:00,2024-12-10 16:45:00,3596.08342,3620.88732,-0.24361478418991922,Trailing_Stop,0 days 01:30:00,1028.894175251369,-0.00023671736335861837
ETHUSDT:USDT,Short,2024-12-10 17:00:00,2024-12-10 19:00:00,3565.71428,3608.32224,-0.39933641655760255,Trailing_Stop,0 days 02:00:00,1028.4948388348114,-0.00038812195283355333
ETHUSDT:USDT,Short,2024-12-11 01:00:00,2024-12-11 02:30:00,3589.71618,3654.55452,-0.5876053692460452,Trailing_Stop,0 days 01:30:00,1027.9072334655655,-0.0005713255400596751
ETHUSDT:USDT,Short,2024-12-12 19:15:00,2024-12-13 03:30:00,3884.9744800000003,3947.5593599999997,-0.5271116692885265,Trailing_Stop,0 days 08:15:00,1027.3801217962769,-0.0005128008171627618
ETHUSDT:USDT,Short,2024-12-13 15:00:00,2024-12-14 18:45:00,3952.99816,3840.12492,0.8483676673752889,TP_Hit,1 days 03:45:00,1028.2284894636523,0.0008257583044259942
ETHUSDT:USDT,Short,2024-12-17 15:00:00,2024-12-18 04:00:00,3960.99214,3848.72208,0.8425997278047994,TP_Hit,0 days 13:00:00,1029.071089191457,0.0008194674009123215
ETHUSDT:USDT,Short,2024-12-18 05:15:00,2024-12-18 18:45:00,3841.62136,3905.3952,-0.5428605435460767,Trailing_Stop,0 days 13:30:00,1028.528228647911,-0.0005275248223838291
ETHUSDT:USDT,Short,2024-12-18 19:00:00,2024-12-18 20:00:00,3853.03848,3729.0933,0.9607275695491992,TP_Hit,0 days 01:00:00,1029.48895621746,0.000934079923904596
ETHUSDT:USDT,Short,2024-12-18 20:00:00,2024-12-19 02:00:00,3714.2067,3566.9496599999998,1.1923743672917482,TP_Hit,0 days 06:00:00,1030.6813305847518,0.0011582196779194032
ETHUSDT:USDT,Short,2024-12-19 04:00:00,2024-12-19 17:15:00,3658.668,3555.08598,0.8436051591042215,TP_Hit,0 days 13:15:00,1031.524935743856,0.0008184927135777009
ETHUSDT:USDT,Short,2024-12-19 17:15:00,2024-12-19 19:30:00,3540.8940199999997,3429.60552,0.9406907818630117,TP_Hit,0 days 02:15:00,1032.465626525719,0.0009119418729170992
ETHUSDT:USDT,Short,2024-12-19 19:30:00,2024-12-19 21:30:00,3415.9144800000004,3455.4972,-0.38953326744589845,Trailing_Stop,0 days 02:00:00,1032.0760932582732,-0.00037728449009644116
ETHUSDT:USDT,Short,2024-12-19 23:00:00,2024-12-20 02:30:00,3439.3575,3459.54528,-0.2125179058073634,Trailing_Stop,0 days 03:30:00,1031.863575352466,-0.00020591302055683602
ETHUSDT:USDT,Short,2024-12-20 03:00:00,2024-12-20 07:15:00,3424.2877,3415.5474600000002,0.047977733979990944,Trailing_Stop,0 days 04:15:00,1031.9115530864458,4.649619884444789e-05
ETHUSDT:USDT,Short,2024-12-20 08:00:00,2024-12-20 10:00:00,3341.11438,3147.7729799999997,1.758670518157956,TP_Hit,0 days 02:00:00,1033.6702236046037,0.0017042841635970252
ETHUSDT:USDT,Short,2024-12-20 10:15:00,2024-12-20 11:45:00,3203.081,3110.52864,0.8641244531516712,TP_Hit,0 days 01:30:00,1034.5343480577556,0.0008359769232186842
ETHUSDT:USDT,Short,2024-12-20 11:45:00,2024-12-20 12:00:00,3098.1113600000003,3163.2238199999997,-0.6826625292404671,SL_Hit,0 days 00:15:00,1033.851685528515,-0.000659874203811861
ETHUSDT:USDT,Short,2024-12-20 20:00:00,2024-12-20 22:45:00,3462.89034,3477.3508199999997,-0.16040204707786643,Trailing_Stop,0 days 02:45:00,1033.691283481437,-0.00015514995944121424
ETHUSDT:USDT,Short,2024-12-21 08:00:00,2024-12-21 12:30:00,3509.77638,3410.64768,0.8439681226249931,TP_Hit,0 days 04:30:00,1034.535251604062,0.0008164605198011099
ETHUSDT:USDT,Short,2024-12-21 12:30:00,2024-12-22 01:00:00,3397.0323200000003,3375.71796,0.1635020355889587,Trailing_Stop,0 days 12:30:00,1034.6987536396512,0.00015804394807772404
ETHUSDT:USDT,Short,2024-12-22 02:00:00,2024-12-22 09:30:00,3353.5394800000004,3400.64772,-0.46664723473463,Trailing_Stop,0 days 07:30:00,1034.2321064049165,-0.0004509981606657387
ETHUSDT:USDT,Short,2024-12-22 14:00:00,2024-12-22 19:45:00,3350.05646,3252.5821800000003,0.8708403942443681,TP_Hit,0 days 05:45:00,1035.102946799161,0.0008420163992699514
ETHUSDT:USDT,Short,2024-12-22 19:45:00,2024-12-22 20:45:00,3239.59782,3295.9687799999997,-0.5708552518381431,SL_Hit,0 days 01:00:00,1034.5320915473226,-0.0005514961131195539
ETHUSDT:USDT,Short,2024-12-23 00:00:00,2024-12-23 03:00:00,3267.64162,3320.7783,-0.5352218755600404,Trailing_Stop,0 days 03:00:00,1033.9968696717626,-0.0005173564744226367
ETHUSDT:USDT,Short,2024-12-23 06:30:00,2024-12-23 09:00:00,3270.6456,3338.9646000000002,-0.6783323862955868,SL_Hit,0 days 02:30:00,1033.318537285467,-0.0006560294389584831
ETHUSDT:USDT,Short,2024-12-23 15:00:00,2024-12-23 16:45:00,3296.01476,3380.13678,-0.8213896860818046,Trailing_Stop,0 days 01:45:00,1032.4971475993852,-0.000794904626640669
ETHUSDT:USDT,Short,2024-12-23 18:00:00,2024-12-23 20:30:00,3337.55152,3379.73598,-0.42208599416104065,Trailing_Stop,0 days 02:30:00,1032.0750616052242,-0.0004088011237052269
ETHUSDT:USDT,Short,2024-12-25 11:00:00,2024-12-26 08:00:00,3511.67258,3390.43734,1.0368942274475224,TP_Hit,0 days 21:00:00,1033.1119558326718,0.0010046693947192153
ETHUSDT:USDT,Short,2024-12-26 08:00:00,2024-12-27 02:00:00,3376.90266,3382.9023,-0.08600324914257484,Trailing_Stop,0 days 18:00:00,1033.025952583529,-8.324678526583362e-05
ETHUSDT:USDT,Short,2024-12-27 07:00:00,2024-12-27 09:00:00,3374.26794,3439.24476,-0.6271700372552154,Trailing_Stop,0 days 02:00:00,1032.3987825462739,-0.0006071193426328003
ETHUSDT:USDT,Short,2024-12-27 15:00:00,2024-12-28 15:15:00,3334.12838,3389.8662,-0.5482236163861067,Trailing_Stop,1 days 00:15:00,1031.8505589298877,-0.0005310192395171498
ETHUSDT:USDT,Short,2024-12-30 13:00:00,2024-12-30 17:30:00,3385.32578,3403.37316,-0.19581625529108848,Trailing_Stop,0 days 04:30:00,1031.6547426745967,-0.000189771913768233
ETHUSDT:USDT,Short,2024-12-30 21:00:00,2024-12-31 08:15:00,3385.54534,3400.99842,-0.17207580744621964,Trailing_Stop,0 days 11:15:00,1031.4826668671506,-0.0001667959253500717
ETHUSDT:USDT,Short,2025-01-07 14:00:00,2025-01-07 15:30:00,3621.73202,3458.3729399999997,1.36341785690594,TP_Hit,0 days 01:30:00,1032.8460847240565,0.0013218039436833084
ETHUSDT:USDT,Short,2025-01-07 15:30:00,2025-01-08 06:15:00,3444.56706,3343.2231,0.8797360906886524,TP_Hit,0 days 14:45:00,1033.725820814745,0.0008517591378811584
ETHUSDT:USDT,Short,2025-01-08 06:15:00,2025-01-08 18:00:00,3329.8769,3304.6962,0.20326634391274112,Trailing_Stop,0 days 11:45:00,1033.929087158658,0.0001966346779969097
ETHUSDT:USDT,Short,2025-01-08 18:00:00,2025-01-09 00:45:00,3291.5038,3347.37138,-0.5569660991533887,Trailing_Stop,0 days 06:45:00,1033.3721210595045,-0.0005386888772846987
ETHUSDT:USDT,Short,2025-01-09 07:00:00,2025-01-09 15:15:00,3310.14644,3295.76838,0.10352184380858986,Trailing_Stop,0 days 08:15:00,1033.475642903313,0.0001001786691345874
ETHUSDT:USDT,Short,2025-01-09 17:00:00,2025-01-09 20:00:00,3282.58168,3184.5564,0.893927163305694,TP_Hit,0 days 03:00:00,1034.3695700666187,0.0008649716802173746
ETHUSDT:USDT,Short,2025-01-09 20:30:00,2025-01-10 01:30:00,3185.0172000000002,3242.14134,-0.5870254282951279,SL_Hit,0 days 05:00:00,1033.7825446383235,-0.0005675200095622834
ETHUSDT:USDT,Short,2025-01-10 13:00:00,2025-01-10 15:00:00,3300.40596,3202.61244,0.8870202862781973,TP_Hit,0 days 02:00:00,1034.669564924602,0.0008580337237060753
ETHUSDT:USDT,Short,2025-01-12 08:00:00,2025-01-13 00:15:00,3261.2644,3309.11502,-0.4860176465402297,Trailing_Stop,0 days 16:15:00,1034.1835472780615,-0.0004697322343446553
ETHUSDT:USDT,Short,2025-01-13 06:00:00,2025-01-13 10:15:00,3223.2306200000003,3127.98348,0.8848678970283288,TP_Hit,0 days 04:15:00,1035.06841517509,0.0008556197778986085
ETHUSDT:USDT,Short,2025-01-13 10:15:00,2025-01-13 14:30:00,3115.4965199999997,3024.19632,0.8780240844603107,TP_Hit,0 days 04:15:00,1035.9464392595503,0.0008482763763124623
ETHUSDT:USDT,Short,2025-01-13 15:00:00,2025-01-13 20:30:00,3047.08362,3064.05588,-0.20401197969557927,Trailing_Stop,0 days 05:30:00,1035.7424272798546,-0.0001969329416697807
ETHUSDT:USDT,Short,2025-01-16 08:00:00,2025-01-16 16:15:00,3367.2220599999996,3355.57776,0.0762723112548187,Trailing_Stop,0 days 08:15:00,1035.8186995911094,7.364023066536163e-05
ETHUSDT:USDT,Short,2025-01-18 03:00:00,2025-01-18 05:15:00,3438.53914,3340.4676000000004,0.8543254292069449,TP_Hit,0 days 02:15:00,1036.6730250203163,0.0008247827824929832
ETHUSDT:USDT,Short,2025-01-18 05:15:00,2025-01-18 11:30:00,3327.1324,3322.92258,0.008211523691748823,Trailing_Stop,0 days 06:15:00,1036.6812365440082,7.921035363844808e-06
ETHUSDT:USDT,Short,2025-01-18 16:00:00,2025-01-19 01:00:00,3282.68148,3364.97652,-0.8099918155995738,Trailing_Stop,0 days 09:00:00,1035.8712447284086,-0.0007813316061356934
ETHUSDT:USDT,Short,2025-01-19 04:30:00,2025-01-19 09:00:00,3292.94092,3178.77486,1.045254233072992,TP_Hit,0 days 04:30:00,1036.9164989614815,0.001009058064303181
ETHUSDT:USDT,Short,2025-01-19 10:00:00,2025-01-19 13:15:00,3192.02316,3222.65244,-0.3293031300299063,Trailing_Stop,0 days 03:15:00,1036.5871958314517,-0.00031757921718822413
ETHUSDT:USDT,Long,2025-01-19 14:00:00,2025-01-19 21:00:00,3371.3292,3367.3817400000003,-0.0674731315519459,Trailing_Stop,0 days 07:00:00,1036.5197226998996,-6.509161199697022e-05
ETHUSDT:USDT,Short,2025-01-19 21:00:00,2025-01-19 21:15:00,3367.3817400000003,3256.5,0.991801615870699,TP_Hit,0 days 00:15:00,1037.5115243157704,0.0009568574472345048
ETHUSDT:USDT,Short,2025-01-19 21:15:00,2025-01-19 22:15:00,3243.5,3299.7763800000002,-0.5706259352529237,SL_Hit,0 days 01:00:00,1036.9408983805174,-0.0005499947922307236
ETHUSDT:USDT,Short,2025-01-19 22:15:00,2025-01-19 23:15:00,3286.60362,3178.344,0.992561631905911,TP_Hit,0 days 01:00:00,1037.9334600124234,0.000957201739709701
ETHUSDT:USDT,Short,2025-01-19 23:30:00,2025-01-20 02:15:00,3211.22468,3273.65424,-0.635887947569195,Trailing_Stop,0 days 02:45:00,1037.2975720648542,-0.000612648085901002
ETHUSDT:USDT,Short,2025-01-20 07:00:00,2025-01-20 12:15:00,3420.146,3308.89458,0.9801135789379032,TP_Hit,0 days 05:15:00,1038.2776856437922,0.0009448721421250195
ETHUSDT:USDT,Short,2025-01-20 12:15:00,2025-01-20 14:30:00,3295.68542,3352.7621400000003,-0.5700549528615007,SL_Hit,0 days 02:15:00,1037.7076306909305,-0.0005490390102222964
ETHUSDT:USDT,Short,2025-01-20 17:00:00,2025-01-20 18:00:00,3312.6214800000002,3314.78634,-0.051455723553019084,Trailing_Stop,0 days 01:00:00,1037.6561749673776,-4.9585954686071076e-05
ETHUSDT:USDT,Short,2025-01-20 21:00:00,2025-01-21 10:00:00,3312.8909400000002,3286.87062,0.2131265797360058,Trailing_Stop,0 days 13:00:00,1037.8693015471135,0.0002053922916640527
ETHUSDT:USDT,Short,2025-01-22 07:00:00,2025-01-23 04:30:00,3301.02472,3205.18758,0.8719194951195277,TP_Hit,0 days 21:30:00,1038.741221042233,0.0008401052943947107
ETHUSDT:USDT,Short,2025-01-23 04:30:00,2025-01-23 14:30:00,3192.39242,3274.74642,-0.8342491267748713,Trailing_Stop,0 days 10:00:00,1037.9069719154581,-0.0008031347075433404
ETHUSDT:USDT,Short,2025-01-23 19:00:00,2025-01-23 20:15:00,3223.57992,3288.78444,-0.6603310063674854,Trailing_Stop,0 days 01:15:00,1037.2466409090907,-0.0006362140579407871
ETHUSDT:USDT,Short,2025-01-24 20:00:00,2025-01-25 16:00:00,3362.28196,3346.28922,0.11674492426526584,Trailing_Stop,0 days 20:00:00,1037.363385833356,0.00011255271375287812
ETHUSDT:USDT,Short,2025-01-26 23:00:00,2025-01-27 04:45:00,3260.77538,3162.04146,0.9102551700965051,TP_Hit,0 days 05:45:00,1038.2736410034524,0.0008774699228131233
ETHUSDT:USDT,Short,2025-01-27 06:00:00,2025-01-27 12:45:00,3119.0294400000002,3107.72304,0.0816503216893203,Trailing_Stop,0 days 06:45:00,1038.355291325142,7.864046477235043e-05
ETHUSDT:USDT,Short,2025-01-28 20:00:00,2025-01-29 02:00:00,3144.62814,3127.242,0.14090406447074244,Trailing_Stop,0 days 06:00:00,1038.4961953896127,0.00013569927908863022
ETHUSDT:USDT,Long,2025-01-31 15:00:00,2025-01-31 18:15:00,3360.1468800000002,3339.12836,-0.2258412449264533,Trailing_Stop,0 days 03:15:00,1038.270354144686,-0.00021746949669076976
ETHUSDT:USDT,Short,2025-02-01 09:00:00,2025-02-01 21:45:00,3247.08282,3154.70682,0.854095872517135,TP_Hit,0 days 12:45:00,1039.1244500172033,0.000822614138126676
ETHUSDT:USDT,Short,2025-02-02 02:00:00,2025-02-02 16:45:00,3131.1351799999998,3020.7293999999997,1.066932354105063,TP_Hit,0 days 14:45:00,1040.1913823713082,0.001026760898646284
ETHUSDT:USDT,Short,2025-02-02 16:45:00,2025-02-02 20:00:00,3008.6706,2985.98004,0.20390396892592833,Trailing_Stop,0 days 03:15:00,1040.3952863402342,0.00019602543568586484
ETHUSDT:USDT,Short,2025-02-02 20:00:00,2025-02-02 22:30:00,2974.05996,2847.5236800000002,1.295420118733123,TP_Hit,0 days 02:30:00,1041.6907064589673,0.0012451230178962547
ETHUSDT:USDT,Short,2025-02-02 22:45:00,2025-02-02 23:45:00,2868.71108,2873.7861000000003,-0.08648090388534158,Trailing_Stop,0 days 01:00:00,1041.604225555082,-8.30197517834863e-05
ETHUSDT:USDT,Short,2025-02-03 00:00:00,2025-02-03 01:30:00,2845.23812,2755.01904,0.9586015633401779,TP_Hit,0 days 01:30:00,1042.5628271184223,0.0009203126675390028
ETHUSDT:USDT,Short,2025-02-03 01:30:00,2025-02-03 01:45:00,2744.02096,2500.992,2.7360443966861325,TP_Hit,0 days 00:15:00,1045.2988715151084,0.002624344860106209
ETHUSDT:USDT,Short,2025-02-03 03:15:00,2025-02-03 05:45:00,2509.66062,2518.33662,-0.13965979284754226,Trailing_Stop,0 days 02:30:00,1045.1592117222608,-0.000133607522837198
ETHUSDT:USDT,Short,2025-02-03 05:45:00,2025-02-03 07:15:00,2508.28338,2569.2983400000003,-0.7933090793304132,Trailing_Stop,0 days 01:30:00,1044.3659026429305,-0.0007590318015023856
ETHUSDT:USDT,Short,2025-02-03 08:00:00,2025-02-03 09:00:00,2593.17326,2603.48658,-0.15581292786834666,Trailing_Stop,0 days 01:00:00,1044.210089715062,-0.00014919380982680863
ETHUSDT:USDT,Short,2025-02-03 09:00:00,2025-02-03 14:30:00,2593.09342,2629.00752,-0.4647587825454096,Trailing_Stop,0 days 05:30:00,1043.7453309325167,-0.0004450816814766112
ETHUSDT:USDT,Short,2025-02-03 14:30:00,2025-02-03 15:15:00,2618.5124800000003,2680.0894799999996,-0.7669181975207913,Trailing_Stop,0 days 00:45:00,1042.9784127349958,-0.0007347752126811713
ETHUSDT:USDT,Short,2025-02-03 16:00:00,2025-02-03 18:45:00,2689.22078,2736.18144,-0.5771349300719493,SL_Hit,0 days 02:45:00,1042.401277804924,-0.0005533527089582879
ETHUSDT:USDT,Short,2025-02-03 19:00:00,2025-02-03 21:45:00,2737.95312,2821.0308,-0.9792102503946865,Trailing_Stop,0 days 02:45:00,1041.4220675545291,-0.0009393793649762339
ETHUSDT:USDT,Short,2025-02-03 22:15:00,2025-02-04 02:45:00,2904.6490599999997,2806.14108,1.0272583172760186,TP_Hit,0 days 04:30:00,1042.4493258718053,0.00098639960615432
ETHUSDT:USDT,Short,2025-02-04 02:45:00,2025-02-04 05:15:00,2794.93892,2704.6986,0.9774450555438072,TP_Hit,0 days 02:30:00,1043.426770927349,0.0009376427527796327
ETHUSDT:USDT,Short,2025-02-04 05:15:00,2025-02-04 10:30:00,2693.9014,2755.48998,-0.7462388803975202,Trailing_Stop,0 days 05:15:00,1042.6805320469516,-0.0007151808839772622
ETHUSDT:USDT,Short,2025-02-04 10:30:00,2025-02-04 12:15:00,2744.4900199999997,2791.9828199999997,-0.5720398772156372,SL_Hit,0 days 01:45:00,1042.1084921697359,-0.0005486243001897595
ETHUSDT:USDT,Short,2025-02-04 12:15:00,2025-02-04 13:00:00,2780.83718,2829.9085200000004,-0.5823906941214574,SL_Hit,0 days 00:45:00,1041.5261014756145,-0.0005588580253375053
ETHUSDT:USDT,Short,2025-02-04 13:00:00,2025-02-04 17:00:00,2818.61148,2839.58784,-0.2635471752265133,Trailing_Stop,0 days 04:00:00,1041.2625543003878,-0.00025303943401255857
ETHUSDT:USDT,Short,2025-02-04 17:00:00,2025-02-04 19:00:00,2828.25216,2864.3673,-0.429728556990316,Trailing_Stop,0 days 02:00:00,1040.8328257433975,-0.00041269952061129267
ETHUSDT:USDT,Short,2025-02-04 19:00:00,2025-02-04 20:00:00,2852.9327000000003,2758.42584,1.0021061867319112,TP_Hit,0 days 01:00:00,1041.8349319301294,0.0009627926425324063
ETHUSDT:USDT,Short,2025-02-04 20:00:00,2025-02-04 21:30:00,2747.4141600000003,2663.9172,0.9176706093409024,TP_Hit,0 days 01:30:00,1042.7526025394704,0.0008808215017717114
ETHUSDT:USDT,Short,2025-02-04 21:30:00,2025-02-04 23:00:00,2653.2828,2725.9109399999998,-0.886722286432164,Trailing_Stop,0 days 01:30:00,1041.8658802530383,-0.0008503668888215632
ETHUSDT:USDT,Short,2025-02-04 23:00:00,2025-02-05 05:45:00,2715.02906,2788.79646,-0.8796323256225378,Trailing_Stop,0 days 06:45:00,1040.9862479274157,-0.0008442855671682015
ETHUSDT:USDT,Short,2025-02-05 06:00:00,2025-02-05 13:30:00,2758.58178,2813.7663000000002,-0.655342461395005,Trailing_Stop,0 days 07:30:00,1040.3309054660208,-0.0006295399797063839
ETHUSDT:USDT,Short,2025-02-05 15:15:00,2025-02-05 21:30:00,2787.414,2786.08104,-0.01630005624850739,Trailing_Stop,0 days 06:15:00,1040.3146054097722,-1.566814574383013e-05
ETHUSDT:USDT,Short,2025-02-05 22:00:00,2025-02-06 02:15:00,2792.69342,2811.7623000000003,-0.24409850715039738,Trailing_Stop,0 days 04:15:00,1040.0705069026217,-0.00023463912347398974
ETHUSDT:USDT,Short,2025-02-06 12:30:00,2025-02-06 19:45:00,2773.33222,2694.378,0.8562051388205276,TP_Hit,0 days 07:15:00,1040.9267120414422,0.0008232183617726818
ETHUSDT:USDT,Short,2025-02-07 15:00:00,2025-02-07 20:00:00,2734.2804800000004,2642.49444,1.0159983225038118,TP_Hit,0 days 05:00:00,1041.9427103639462,0.0009760517342392028
ETHUSDT:USDT,Short,2025-02-07 20:00:00,2025-02-08 00:00:00,2631.9455599999997,2634.6387600000003,-0.0632120647407568,Trailing_Stop,0 days 04:00:00,1041.8794982992054,-6.0667505143996436e-05
ETHUSDT:USDT,Short,2025-02-09 13:00:00,2025-02-09 21:30:00,2646.1670599999998,2566.5228,0.9085566357326371,TP_Hit,0 days 08:30:00,1042.788054934938,0.0008720361972913704
ETHUSDT:USDT,Short,2025-02-09 21:30:00,2025-02-09 22:30:00,2556.2772,2650.29,-1.1806588669890559,Trailing_Stop,0 days 01:00:00,1041.607396067949,-0.0011322136472522448
ETHUSDT:USDT,Short,2025-02-10 01:00:00,2025-02-10 03:30:00,2623.47254,2641.8231,-0.24960345123355765,Trailing_Stop,0 days 02:30:00,1041.3577926167154,-0.00023963294824491665
ETHUSDT:USDT,Short,2025-02-11 13:00:00,2025-02-11 19:15:00,2684.73976,2600.92146,0.9431280634677854,TP_Hit,0 days 06:15:00,1042.3009206801833,0.0009056714898132423
ETHUSDT:USDT,Short,2025-02-11 19:15:00,2025-02-12 08:00:00,2590.53854,2636.18184,-0.5816543489590629,SL_Hit,0 days 12:45:00,1041.7192663312242,-0.0005580483883478315
ETHUSDT:USDT,Short,2025-02-12 13:00:00,2025-02-12 16:45:00,2626.92562,2652.97536,-0.34084594927873724,Trailing_Stop,0 days 03:45:00,1041.3784203819453,-0.0003271955893445755
ETHUSDT:USDT,Short,2025-02-13 11:00:00,2025-02-13 23:30:00,2669.71986,2682.1035,-0.17601114212394364,Trailing_Stop,0 days 12:30:00,1041.2024092398215,-0.00016901746634934156
ETHUSDT:USDT,Short,2025-02-18 05:00:00,2025-02-18 14:00:00,2693.1529,2717.65446,-0.31512903897988664,Trailing_Stop,0 days 09:00:00,1040.8872802008416,-0.0003026587685385218
ETHUSDT:USDT,Short,2025-02-18 16:00:00,2025-02-18 23:45:00,2665.67796,2675.91114,-0.15098154159008104,Trailing_Stop,0 days 07:45:00,1040.7362986592514,-0.00014505080853821628
ETHUSDT:USDT,Short,2025-02-21 15:00:00,2025-02-21 15:30:00,2820.71726,2728.78668,0.9853259085297132,TP_Hit,0 days 00:30:00,1041.7216245677812,0.0009467584726305933
ETHUSDT:USDT,Short,2025-02-21 17:00:00,2025-02-21 21:15:00,2712.05502,2624.8392,0.9727517777057528,TP_Hit,0 days 04:15:00,1042.694376345487,0.0009337924400958375
ETHUSDT:USDT,Short,2025-02-24 03:00:00,2025-02-24 10:30:00,2755.4280999999996,2676.53238,0.8634824119040374,TP_Hit,0 days 07:30:00,1043.557858757391,0.0008281260851625838
ETHUSDT:USDT,Short,2025-02-24 13:00:00,2025-02-24 22:00:00,2673.67194,2569.50876,1.1871479648960062,TP_Hit,0 days 09:00:00,1044.745006722287,0.001137596688993936
ETHUSDT:USDT,Short,2025-02-24 22:00:00,2025-02-25 00:00:00,2559.25124,2472.06426,1.0353415972976379,TP_Hit,0 days 02:00:00,1045.7803483195846,0.0009909993258028216
ETHUSDT:USDT,Short,2025-02-25 03:30:00,2025-02-25 07:15:00,2493.68264,2370.2009399999997,1.5206155848524503,TP_Hit,0 days 03:45:00,1047.3009639044371,0.001454048727627999
ETHUSDT:USDT,Short,2025-02-25 07:15:00,2025-02-25 08:15:00,2360.73906,2406.74388,-0.6430839806283153,SL_Hit,0 days 01:00:00,1046.6578799238087,-0.0006140393285145596
ETHUSDT:USDT,Short,2025-02-25 08:15:00,2025-02-25 11:45:00,2397.13612,2437.2547799999998,-0.5563827036898985,Trailing_Stop,0 days 03:30:00,1046.1014972201187,-0.0005315802941553427
ETHUSDT:USDT,Short,2025-02-25 13:00:00,2025-02-25 16:30:00,2428.09408,2428.60752,-0.03801260569186127,Trailing_Stop,0 days 03:30:00,1046.063484614427,-3.633739727249008e-05
ETHUSDT:USDT,Short,2025-02-25 17:00:00,2025-02-25 19:45:00,2419.152,2475.4109399999998,-0.7604585280118243,Trailing_Stop,0 days 02:45:00,1045.3030260864152,-0.0007269716792493996
ETHUSDT:USDT,Short,2025-02-25 23:00:00,2025-02-26 12:45:00,2508.1636200000003,2436.8138999999996,0.8598207615293454,TP_Hit,0 days 13:45:00,1046.1628468479446,0.0008225564645578665
ETHUSDT:USDT,Short,2025-02-26 12:45:00,2025-02-26 14:45:00,2427.0861,2439.59946,-0.19303454392697006,Trailing_Stop,0 days 02:00:00,1045.9698123040175,-0.00018451672653896356
ETHUSDT:USDT,Short,2025-02-26 15:00:00,2025-02-26 17:45:00,2445.90838,2370.2811,0.9378896075288203,TP_Hit,0 days 02:45:00,1046.9077019115464,0.0008966698622621116
ETHUSDT:USDT,Short,2025-02-26 17:45:00,2025-02-26 19:15:00,2360.8189,2282.9568,1.003397908949335,TP_Hit,0 days 01:30:00,1047.9110998204956,0.0009584397049682281
ETHUSDT:USDT,Short,2025-02-26 19:30:00,2025-02-26 20:45:00,2293.6036,2343.3373199999996,-0.7124320877919246,Trailing_Stop,0 days 01:15:00,1047.1986677327038,-0.0006798592818739735
ETHUSDT:USDT,Short,2025-02-26 21:45:00,2025-02-27 07:15:00,2337.4856600000003,2363.5476599999997,-0.38134066827729995,Trailing_Stop,0 days 09:30:00,1046.8173270644265,-0.00036415312588478077
ETHUSDT:USDT,Short,2025-02-27 07:15:00,2025-02-27 20:00:00,2354.11234,2278.80852,0.9721650153603427,TP_Hit,0 days 12:45:00,1047.789492079787,0.0009286864004118822
ETHUSDT:USDT,Short,2025-02-27 20:00:00,2025-02-27 23:30:00,2269.7114800000004,2305.64208,-0.5285460853966484,Trailing_Stop,0 days 03:30:00,1047.26094599439,-0.0005044391925974612
ETHUSDT:USDT,Short,2025-02-28 00:00:00,2025-02-28 01:30:00,2297.8451,2223.7786800000003,0.980260054605516,TP_Hit,0 days 01:30:00,1048.2412060489958,0.0009360227346919547
ETHUSDT:USDT,Short,2025-02-28 01:30:00,2025-02-28 02:30:00,2214.90132,2149.46034,0.896756651499107,TP_Hit,0 days 01:00:00,1049.1379627004949,0.0008554869302259682
ETHUSDT:USDT,Short,2025-02-28 02:45:00,2025-02-28 08:00:00,2162.3167000000003,2099.9916000000003,0.8748071770427686,TP_Hit,0 days 05:15:00,1050.0127698775375,0.0008338342602633997
ETHUSDT:USDT,Short,2025-02-28 10:00:00,2025-02-28 13:30:00,2125.35078,2158.8591,-0.5276393743255134,Trailing_Stop,0 days 03:30:00,1049.485130503212,-0.0005025075784430566
ETHUSDT:USDT,Short,2025-02-28 17:00:00,2025-03-01 01:45:00,2225.0909,2256.6041999999998,-0.476945011597838,Trailing_Stop,0 days 08:45:00,1049.008185491614,-0.0004544561878350173
ETHUSDT:USDT,Short,2025-03-01 10:00:00,2025-03-01 13:15:00,2220.56996,2154.59058,0.9026642067985655,TP_Hit,0 days 03:15:00,1049.9108496984127,0.0008604930059488147
ETHUSDT:USDT,Short,2025-03-01 13:15:00,2025-03-01 16:00:00,2145.98942,2182.5964799999997,-0.5682527488251132,SL_Hit,0 days 02:45:00,1049.3425969495877,-0.0005412390480470375
ETHUSDT:USDT,Short,2025-03-03 00:00:00,2025-03-03 06:30:00,2476.3374000000003,2392.4152799999997,1.034307352084582,TP_Hit,0 days 06:30:00,1050.3769043016723,0.0009856717482843447
ETHUSDT:USDT,Short,2025-03-03 06:30:00,2025-03-03 14:45:00,2382.86472,2277.98688,1.354019714306407,TP_Hit,0 days 08:15:00,1051.7309240159786,0.0012890798614870747
ETHUSDT:USDT,Short,2025-03-03 14:45:00,2025-03-03 15:15:00,2268.89312,2308.47774,-0.5814773900593764,SL_Hit,0 days 00:30:00,1051.1494466259192,-0.0005528765740187014
ETHUSDT:USDT,Short,2025-03-03 15:15:00,2025-03-03 18:15:00,2299.26226,2215.4721000000004,1.116502074245325,TP_Hit,0 days 03:00:00,1052.2659487001645,0.0010621725367683243
ETHUSDT:USDT,Short,2025-03-03 18:15:00,2025-03-03 19:45:00,2206.6279,2112.48654,1.313869814809415,TP_Hit,0 days 01:30:00,1053.579818514974,0.0012486100271822398
ETHUSDT:USDT,Short,2025-03-03 19:45:00,2025-03-03 21:00:00,2104.05346,2141.85516,-0.5989021217150707,SL_Hit,0 days 01:15:00,1052.980916393259,-0.0005684449447401763
ETHUSDT:USDT,Short,2025-03-03 21:00:00,2025-03-03 22:45:00,2133.30484,2169.33,-0.564507247863272,Trailing_Stop,0 days 01:45:00,1052.4164091453956,-0.000536103968338586
ETHUSDT:USDT,Short,2025-03-03 23:00:00,2025-03-04 01:30:00,2147.63612,2054.3905799999998,1.337863451640306,TP_Hit,0 days 02:30:00,1053.7542725970359,0.0012712301328774434
ETHUSDT:USDT,Short,2025-03-04 01:45:00,2025-03-04 04:00:00,2051.5387,2087.54676,-0.5859141886484629,SL_Hit,0 days 02:15:00,1053.1683584083876,-0.0005560254452912083
ETHUSDT:USDT,Short,2025-03-04 04:00:00,2025-03-04 14:30:00,2079.21324,2120.0115600000004,-0.6509331452016696,Trailing_Stop,0 days 10:30:00,1052.5174252631857,-0.0006180713083572265
ETHUSDT:USDT,Short,2025-03-04 14:30:00,2025-03-04 16:15:00,2111.54844,2027.8476,1.2188125007802668,TP_Hit,0 days 01:45:00,1053.736237763966,0.0011579974559334794
ETHUSDT:USDT,Short,2025-03-04 20:00:00,2025-03-04 21:15:00,2165.3705800000002,2220.1815,-0.8309925291155444,Trailing_Stop,0 days 01:15:00,1052.9052452348506,-0.0007886153093480397
ETHUSDT:USDT,Short,2025-03-04 22:00:00,2025-03-05 07:30:00,2167.92546,2211.4440600000003,-0.6650287874452729,Trailing_Stop,0 days 09:30:00,1052.2402164474051,-0.0006316131394112912
ETHUSDT:USDT,Short,2025-03-05 10:00:00,2025-03-05 19:00:00,2231.39826,2220.65244,0.12030003721513438,Trailing_Stop,0 days 09:00:00,1052.3605164846203,0.00011432754169127257
ETHUSDT:USDT,Short,2025-03-06 00:00:00,2025-03-06 02:00:00,2241.18864,2280.8125200000004,-0.5891799449309154,SL_Hit,0 days 02:00:00,1051.7713365396894,-0.0005598651181812908
ETHUSDT:USDT,Short,2025-03-06 12:00:00,2025-03-06 15:30:00,2281.35814,2270.12118,0.12370823932148767,Trailing_Stop,0 days 03:30:00,1051.895044779011,0.00011761894912298843
ETHUSDT:USDT,Short,2025-03-06 16:00:00,2025-03-07 00:15:00,2250.48002,2130.8031,1.6449077754782273,TP_Hit,0 days 08:15:00,1053.5399525544892,0.0015637565588340063
ETHUSDT:USDT,Short,2025-03-07 00:15:00,2025-03-07 01:15:00,2122.2969000000003,2167.1055600000004,-0.6982495765634766,Trailing_Stop,0 days 01:00:00,1052.8417029779257,-0.0006627651612741703
ETHUSDT:USDT,Short,2025-03-07 02:00:00,2025-03-07 07:45:00,2171.0991,2195.90304,-0.39207327958696325,Trailing_Stop,0 days 05:45:00,1052.4496296983389,-0.0003723952788703411
ETHUSDT:USDT,Short,2025-03-07 16:00:00,2025-03-07 22:00:00,2191.01918,2129.08968,0.8599636860103743,TP_Hit,0 days 06:00:00,1053.3095933843492,0.0008171067400697396
ETHUSDT:USDT,Short,2025-03-08 01:45:00,2025-03-08 12:15:00,2127.69608,2164.05948,-0.5711070188587435,SL_Hit,0 days 10:30:00,1052.7384863654904,-0.0005422024278957105
ETHUSDT:USDT,Short,2025-03-09 10:00:00,2025-03-09 16:15:00,2159.99136,2094.03972,0.9317605854085258,TP_Hit,0 days 06:15:00,1053.670246950899,0.0008850826653306054
ETHUSDT:USDT,Short,2025-03-09 16:15:00,2025-03-09 17:30:00,2085.68028,2020.14222,0.9606769035376246,TP_Hit,0 days 01:15:00,1054.6309238544366,0.0009117434095891053
ETHUSDT:USDT,Short,2025-03-09 17:45:00,2025-03-09 20:00:00,2018.77436,2053.8795600000003,-0.5812695433717643,SL_Hit,0 days 02:15:00,1054.0496543110648,-0.0005511592067178883
ETHUSDT:USDT,Short,2025-03-09 22:30:00,2025-03-10 02:15:00,2018.455,2056.61502,-0.6288456041171067,Trailing_Stop,0 days 03:45:00,1053.4208087069476,-0.0005965996018738595
ETHUSDT:USDT,Short,2025-03-10 13:00:00,2025-03-10 14:00:00,2119.6122800000003,2047.086,1.0486556742646442,TP_Hit,0 days 01:00:00,1054.4694643812122,0.0009954765138462385
ETHUSDT:USDT,Short,2025-03-10 14:00:00,2025-03-10 17:00:00,2038.914,1947.32688,1.3879340618939437,TP_Hit,0 days 03:00:00,1055.8573984431061,0.001316239216759385
ETHUSDT:USDT,Short,2025-03-10 17:00:00,2025-03-10 18:45:00,1939.55312,1827.63798,1.7942334669359852,TP_Hit,0 days 01:45:00,1057.6516319100422,0.0016993141967671654
ETHUSDT:USDT,Short,2025-03-10 18:45:00,2025-03-10 19:00:00,1820.34202,1855.73406,-0.6480151041371407,SL_Hit,0 days 00:15:00,1057.003616805905,-0.0006126923881040192
ETHUSDT:USDT,Short,2025-03-10 20:00:00,2025-03-10 21:30:00,1866.71908,1896.57558,-0.5383777221980388,Trailing_Stop,0 days 01:30:00,1056.465239083707,-0.0005093433112602908
ETHUSDT:USDT,Short,2025-03-10 23:00:00,2025-03-11 00:30:00,1880.51144,1817.4075599999999,1.030789160967494,TP_Hit,0 days 01:30:00,1057.4960282446746,0.0009756962395293112
ETHUSDT:USDT,Short,2025-03-11 00:30:00,2025-03-11 01:30:00,1810.15244,1846.2350999999999,-0.6634801660905687,Trailing_Stop,0 days 01:00:00,1056.832548078584,-0.0006274067687911389
ETHUSDT:USDT,Short,2025-03-11 02:00:00,2025-03-11 05:00:00,1861.8189,1903.42926,-0.739580607135796,Trailing_Stop,0 days 03:00:00,1056.0929674714482,-0.0006998086957867855
ETHUSDT:USDT,Short,2025-03-11 06:00:00,2025-03-11 09:15:00,1894.34372,1929.17064,-0.6135785311347668,Trailing_Stop,0 days 03:15:00,1055.4793889403134,-0.000580989126936382
ETHUSDT:USDT,Short,2025-03-11 12:30:00,2025-03-11 13:15:00,1899.3936,1923.7097399999998,-0.43662814595589694,Trailing_Stop,0 days 00:45:00,1055.0427607943575,-0.0004136775673035942
ETHUSDT:USDT,Short,2025-03-11 13:15:00,2025-03-11 14:30:00,1916.03026,1856.21502,0.955460397414921,TP_Hit,0 days 01:15:00,1055.9982211917725,0.0009056129598914442
ETHUSDT:USDT,Short,2025-03-11 14:45:00,2025-03-11 15:00:00,1862.2879599999999,1907.21682,-0.7952141442783294,Trailing_Stop,0 days 00:15:00,1055.203007047494,-0.0007530449657205951
ETHUSDT:USDT,Short,2025-03-11 20:00:00,2025-03-12 03:30:00,1942.2676800000002,1881.72594,0.954097978565354,TP_Hit,0 days 07:30:00,1056.1571050260595,0.000904184286998122
ETHUSDT:USDT,Short,2025-03-12 03:30:00,2025-03-12 07:00:00,1874.21406,1898.8901999999998,-0.4484324997675131,Trailing_Stop,0 days 03:30:00,1055.708672526292,-0.0004245888207667914
ETHUSDT:USDT,Short,2025-03-12 09:00:00,2025-03-12 12:15:00,1909.48338,1927.5073200000002,-0.3303227479094417,Trailing_Stop,0 days 03:15:00,1055.3783497783825,-0.00031289195258676905
ETHUSDT:USDT,Short,2025-03-12 13:00:00,2025-03-12 15:00:00,1915.5612,1844.3112600000002,1.1448155240890436,TP_Hit,0 days 02:00:00,1056.5231653024716,0.0010847441813919279
ETHUSDT:USDT,Short,2025-03-12 16:00:00,2025-03-12 22:15:00,1876.03042,1908.6997800000001,-0.5830953844156639,Trailing_Stop,0 days 06:15:00,1055.940069918056,-0.0005519002361379366
ETHUSDT:USDT,Short,2025-03-13 02:00:00,2025-03-13 10:45:00,1905.0822,1903.11864,0.000939733475075144,Trailing_Stop,0 days 08:45:00,1055.941009651531,8.899496304337617e-07
ETHUSDT:USDT,Short,2025-03-13 13:00:00,2025-03-13 17:30:00,1897.50738,1837.50768,0.968994362398746,TP_Hit,0 days 04:30:00,1056.9100040139297,0.0009176595600908222
ETHUSDT:USDT,Short,2025-03-13 17:30:00,2025-03-13 21:45:00,1830.17232,1864.9725,-0.6340092362315843,SL_Hit,0 days 04:15:00,1056.275994777698,-0.0005998705980866381
ETHUSDT:USDT,Short,2025-03-16 11:00:00,2025-03-16 16:00:00,1888.97448,1913.5695,-0.44386669245788823,Trailing_Stop,0 days 05:00:00,1055.8321280852404,-0.000420218479499912
ETHUSDT:USDT,Short,2025-03-18 13:15:00,2025-03-18 22:30:00,1895.64112,1919.4712800000002,-0.4294636744535616,Trailing_Stop,0 days 09:15:00,1055.4026644107867,-0.00040675374714405077
ETHUSDT:USDT,Short,2025-03-26 13:00:00,2025-03-26 19:00:00,2051.8780199999997,1987.7676,0.9566224835390926,TP_Hit,0 days 06:00:00,1056.3592868943258,0.0009064052193512584
ETHUSDT:USDT,Short,2025-03-28 04:00:00,2025-03-28 04:30:00,1999.32334,1940.33292,0.90241670187892,TP_Hit,0 days 00:30:00,1057.2617035962046,0.0008542706189784699
ETHUSDT:USDT,Short,2025-03-28 04:30:00,2025-03-28 15:45:00,1932.58708,1875.1929,0.9093003593851314,TP_Hit,0 days 11:15:00,1058.1710039555899,0.0008600522995321214
ETHUSDT:USDT,Short,2025-03-29 11:00:00,2025-03-29 17:30:00,1869.9027,1815.1931399999999,0.8961241856666575,TP_Hit,0 days 06:30:00,1059.0671281412565,0.0008468614073875447
ETHUSDT:USDT,Short,2025-03-30 13:00:00,2025-03-31 12:30:00,1828.3060600000001,1823.66004,0.048885049858132135,Trailing_Stop,0 days 23:30:00,1059.1160131911147,4.615859425638469e-05
ETHUSDT:USDT,Short,2025-04-02 05:00:00,2025-04-02 15:30:00,1862.42768,1917.76788,-0.9749469672911673,Trailing_Stop,0 days 10:30:00,1058.1410662238234,-0.0009205289648617221
ETHUSDT:USDT,Short,2025-04-02 20:00:00,2025-04-02 20:30:00,1929.2437799999998,1873.8001199999999,0.8796265377701715,TP_Hit,0 days 00:30:00,1059.0206927615936,0.0008312942062720374
ETHUSDT:USDT,Short,2025-04-02 20:45:00,2025-04-02 22:30:00,1876.24,1797.85854,1.2941457941874575,TP_Hit,0 days 01:45:00,1060.314838555781,0.0012220212532512154
ETHUSDT:USDT,Short,2025-04-02 22:45:00,2025-04-03 01:00:00,1793.3461200000002,1824.56184,-0.5849440395163512,SL_Hit,0 days 02:15:00,1059.7298945162647,-0.0005516701438538218
ETHUSDT:USDT,Short,2025-04-03 10:00:00,2025-04-03 20:45:00,1807.94686,1801.7563200000002,0.07695698532298323,Trailing_Stop,0 days 10:45:00,1059.8068515015877,7.261943417957717e-05
ETHUSDT:USDT,Short,2025-04-04 10:00:00,2025-04-04 15:00:00,1809.0746000000001,1815.94464,-0.15241335325671557,Trailing_Stop,0 days 05:00:00,1059.6544381483309,-0.0001438123871730923
ETHUSDT:USDT,Short,2025-04-06 13:45:00,2025-04-06 17:30:00,1744.07486,1685.09346,1.0422021514041298,TP_Hit,0 days 03:45:00,1060.696640299735,0.000983530209362593
ETHUSDT:USDT,Short,2025-04-06 18:00:00,2025-04-06 20:15:00,1667.2887400000002,1618.99152,0.8890298640036356,TP_Hit,0 days 02:15:00,1061.5856701637388,0.000838156575807103
ETHUSDT:USDT,Short,2025-04-06 20:15:00,2025-04-06 23:15:00,1612.52848,1554.7032,1.1090644117892303,TP_Hit,0 days 03:00:00,1062.694734575528,0.0010447243618294522
ETHUSDT:USDT,Short,2025-04-07 02:00:00,2025-04-07 03:30:00,1591.02158,1530.2544,1.1845524119752113,TP_Hit,0 days 01:30:00,1063.8792869875033,0.0011146685623208974
ETHUSDT:USDT,Short,2025-04-07 03:45:00,2025-04-07 06:30:00,1539.70442,1471.10634,1.3886243839350243,TP_Hit,0 days 02:45:00,1065.2679113714382,0.001305246188096243
ETHUSDT:USDT,Short,2025-04-07 06:30:00,2025-04-07 07:30:00,1465.23366,1469.3829,-0.12236611961964172,Trailing_Stop,0 days 01:00:00,1065.1455452518185,-0.00011486886849165767
ETHUSDT:USDT,Short,2025-04-07 09:15:00,2025-04-07 12:15:00,1490.3134,1519.82358,-0.6640604212949768,Trailing_Stop,0 days 03:00:00,1064.4814848305236,-0.0006234457105463997
ETHUSDT:USDT,Short,2025-04-07 15:30:00,2025-04-07 17:30:00,1562.9179,1569.5428200000001,-0.16716328619690302,Trailing_Stop,0 days 02:00:00,1064.3143215443267,-0.0001570372886509075
ETHUSDT:USDT,Short,2025-04-07 18:00:00,2025-04-07 20:30:00,1553.55666,1579.93356,-0.573497816000156,Trailing_Stop,0 days 02:30:00,1063.7408237283266,-0.000538842524610561
ETHUSDT:USDT,Short,2025-04-07 23:00:00,2025-04-08 01:30:00,1571.5206600000001,1586.166,-0.32901173320979993,Trailing_Stop,0 days 02:30:00,1063.4118119951168,-0.0003092968943851915
ETHUSDT:USDT,Short,2025-04-08 02:30:00,2025-04-08 14:45:00,1588.68626,1533.40068,1.0771752957394725,TP_Hit,0 days 12:15:00,1064.4889872908561,0.001012942759887503
ETHUSDT:USDT,Short,2025-04-08 14:45:00,2025-04-08 17:00:00,1527.2793199999999,1475.1945,1.0560445792143796,TP_Hit,0 days 02:15:00,1065.5450318700705,0.0009920671719696461
ETHUSDT:USDT,Short,2025-04-08 17:45:00,2025-04-09 01:00:00,1477.0899,1427.0884800000001,1.0490542267916858,TP_Hit,0 days 07:15:00,1066.5940860968624,0.00098452359629575
ETHUSDT:USDT,Short,2025-04-09 01:30:00,2025-04-09 02:00:00,1417.09014,1450.27476,-0.7805555308864207,Trailing_Stop,0 days 00:30:00,1065.813530565976,-0.000731820606415301
ETHUSDT:USDT,Short,2025-04-09 02:00:00,2025-04-09 04:30:00,1444.4852400000002,1447.21866,-0.0924195241661323,Trailing_Stop,0 days 02:30:00,1065.7211110418098,-8.671265799853334e-05
ETHUSDT:USDT,Short,2025-04-09 06:00:00,2025-04-09 07:30:00,1471.2017,1492.0982399999998,-0.4856337098888801,Trailing_Stop,0 days 01:30:00,1065.235477331921,-0.00045568554930297545
ETHUSDT:USDT,Short,2025-04-09 11:00:00,2025-04-09 13:45:00,1457.3295,1489.6734000000001,-0.7405013410711128,Trailing_Stop,0 days 02:45:00,1064.4949759908498,-0.0006951527214676956
ETHUSDT:USDT,Short,2025-04-09 14:00:00,2025-04-09 16:30:00,1473.03802,1500.0942,-0.6179149690289343,SL_Hit,0 days 02:30:00,1063.8770610218207,-0.0005804771116498797
ETHUSDT:USDT,Long,2025-04-09 17:00:00,2025-04-09 17:15:00,1507.64928,1568.54662,1.2559660228488596,TP_Hit,0 days 00:15:00,1065.1330270446697,0.0011805556007031814
ETHUSDT:USDT,Long,2025-04-09 17:15:00,2025-04-09 17:45:00,1574.83338,1628.55636,1.0570164154855703,TP_Hit,0 days 00:30:00,1066.1900434601553,0.0009923797203232887
ETHUSDT:USDT,Long,2025-04-09 17:45:00,2025-04-09 18:45:00,1635.0836399999998,1624.3447999999999,-0.24185009653484002,Trailing_Stop,0 days 01:00:00,1065.9481933636205,-0.0002268358235177903
ETHUSDT:USDT,Short,2025-04-10 03:45:00,2025-04-10 13:30:00,1613.15722,1567.33842,0.8754029180876088,TP_Hit,0 days 09:45:00,1066.823596281708,0.00082124339957379
ETHUSDT:USDT,Short,2025-04-10 14:30:00,2025-04-10 15:15:00,1574.20528,1529.62314,0.8734753762428227,TP_Hit,0 days 00:45:00,1067.6970716579508,0.0008187627076183812
ETHUSDT:USDT,Short,2025-04-10 15:15:00,2025-04-10 18:30:00,1523.51686,1521.95784,0.0007136521782342697,Trailing_Stop,0 days 03:15:00,1067.6977853101291,6.684032365367187e-07
ETHUSDT:USDT,Short,2025-04-13 01:00:00,2025-04-13 13:30:00,1641.5004199999998,1586.667,1.0368748345041325,TP_Hit,0 days 12:30:00,1068.7346601446332,0.0009711313901459295
ETHUSDT:USDT,Short,2025-04-13 13:30:00,2025-04-13 17:15:00,1580.333,1618.39032,-0.8034027087505535,Trailing_Stop,0 days 03:45:00,1067.9312574358826,-0.000751732622428336
ETHUSDT:USDT,Short,2025-04-13 19:00:00,2025-04-14 00:15:00,1620.17316,1625.48448,-0.13696102856600234,Trailing_Stop,0 days 05:15:00,1067.7942964073168,-0.0001282489182821145
ETHUSDT:USDT,Short,2025-04-14 15:00:00,2025-04-15 19:15:00,1652.5981800000002,1605.204,0.885732421797016,TP_Hit,1 days 04:15:00,1068.6800288291138,0.0008294972400368916
ETHUSDT:USDT,Short,2025-04-15 20:00:00,2025-04-16 08:00:00,1608.59636,1560.7151999999999,0.9212888248486948,TP_Hit,0 days 12:00:00,1069.6013176539623,0.000862081071972387
ETHUSDT:USDT,Short,2025-04-16 13:00:00,2025-04-16 15:15:00,1573.35698,1607.66892,-0.7311677132161698,Trailing_Stop,0 days 02:15:00,1068.8701499407462,-0.0006835890169056835
ETHUSDT:USDT,Short,2025-04-16 17:00:00,2025-04-16 18:15:00,1591.42078,1579.77324,0.20238963985396197,Trailing_Stop,0 days 01:15:00,1069.0725395806003,0.00018934913643664508
ETHUSDT:USDT,Short,2025-04-17 14:00:00,2025-04-17 16:15:00,1581.62042,1607.56872,-0.5577268910618081,Trailing_Stop,0 days 02:15:00,1068.5148126895383,-0.0005216922803767954
ETHUSDT:USDT,Short,2025-04-21 16:00:00,2025-04-21 18:45:00,1620.09332,1569.95364,0.9590247939983598,TP_Hit,0 days 02:45:00,1069.4738374835367,0.0008975306496541435
ETHUSDT:USDT,Short,2025-04-23 13:00:00,2025-04-23 18:00:00,1809.64346,1806.61602,0.02153734367708182,Trailing_Stop,0 days 05:00:00,1069.4953748272137,2.013826137869934e-05
ETHUSDT:USDT,Short,2025-04-24 08:00:00,2025-04-24 15:00:00,1747.2984,1776.53598,-0.5684246265286355,Trailing_Stop,0 days 07:00:00,1068.9269502006853,-0.0005314886252970608
ETHUSDT:USDT,Short,2025-04-26 11:45:00,2025-04-26 19:45:00,1781.16054,1815.8344200000001,-0.6557080720932298,SL_Hit,0 days 08:00:00,1068.271242128592,-0.0006134264572245085
ETHUSDT:USDT,Short,2025-04-27 01:00:00,2025-04-27 15:15:00,1846.22016,1793.29944,0.8856725792965818,TP_Hit,0 days 14:15:00,1069.1569147078885,0.0008290708804741254
ETHUSDT:USDT,Short,2025-04-28 00:00:00,2025-04-28 05:15:00,1777.77732,1798.29942,-0.4019647413776717,Trailing_Stop,0 days 05:15:00,1068.7549499665108,-0.00037596421614827236
ETHUSDT:USDT,Short,2025-04-30 12:00:00,2025-04-30 13:45:00,1805.9807999999998,1743.62028,1.0739535337004895,TP_Hit,0 days 01:45:00,1069.8289035002113,0.0010048641493862753
ETHUSDT:USDT,Short,2025-04-30 13:45:00,2025-04-30 14:15:00,1736.65972,1766.98692,-0.5920054212654229,SL_Hit,0 days 00:30:00,1069.2368980789458,-0.000553364579446769
ETHUSDT:USDT,Long,2025-05-08 03:00:00,2025-05-08 07:30:00,1859.13084,1927.5771200000001,1.1477016571622158,TP_Hit,0 days 04:30:00,1070.3845997361082,0.001073383886418755
ETHUSDT:USDT,Long,2025-05-08 15:00:00,2025-05-08 18:45:00,2005.91382,2062.6664,0.8754998449286049,TP_Hit,0 days 03:45:00,1071.2600995810367,0.0008179301581361376
ETHUSDT:USDT,Long,2025-05-08 20:00:00,2025-05-08 20:45:00,2118.26808,2180.0811,0.9047351749405195,TP_Hit,0 days 00:45:00,1072.1648347559772,0.0008445522943441031
ETHUSDT:USDT,Long,2025-05-08 20:45:00,2025-05-09 06:45:00,2188.8188999999998,2251.42812,0.8869646815996006,TP_Hit,0 days 10:00:00,1073.0517994375768,0.0008272652234500022
ETHUSDT:USDT,Long,2025-05-09 07:00:00,2025-05-09 08:00:00,2298.0469200000002,2364.67118,0.9001626574415553,TP_Hit,0 days 01:00:00,1073.9519620950184,0.0008388808983064155
ETHUSDT:USDT,Short,2025-05-09 09:00:00,2025-05-09 13:30:00,2350.3399000000004,2369.31918,-0.292127163913829,Trailing_Stop,0 days 04:30:00,1073.6598349311046,-0.0002720113880549935
ETHUSDT:USDT,Short,2025-05-09 14:00:00,2025-05-09 17:45:00,2354.16224,2353.93848,-0.02915135822745185,Trailing_Stop,0 days 03:45:00,1073.6306835728772,-2.7151391231217126e-05
ETHUSDT:USDT,Short,2025-05-11 07:00:00,2025-05-11 09:15:00,2492.21558,2519.34864,-0.38252076876393204,Trailing_Stop,0 days 02:15:00,1073.2481628041132,-0.0003562871056282946
ETHUSDT:USDT,Short,2025-05-11 13:00:00,2025-05-11 19:00:00,2520.449,2513.6272200000003,0.05486015543869627,Trailing_Stop,0 days 06:00:00,1073.303022959552,5.111600218854484e-05
ETHUSDT:USDT,Short,2025-05-12 14:00:00,2025-05-12 18:00:00,2550.0397000000003,2465.39094,1.0355832998494492,TP_Hit,0 days 04:00:00,1074.3386062594013,0.0009648564083923894
ETHUSDT:USDT,Short,2025-05-12 18:00:00,2025-05-12 20:45:00,2455.54906,2489.5391400000003,-0.4779187283685644,Trailing_Stop,0 days 02:45:00,1073.8606875310327,-0.00044484925477328296
ETHUSDT:USDT,Short,2025-05-13 00:00:00,2025-05-13 09:15:00,2471.66676,2484.4489799999997,-0.19865327233744523,Trailing_Stop,0 days 09:15:00,1073.6620342586953,-0.0001849897986248017
ETHUSDT:USDT,Long,2025-05-13 18:00:00,2025-05-13 19:30:00,2620.1598599999998,2707.7137199999997,1.0430213141345774,TP_Hit,0 days 01:30:00,1074.70505557283,0.0009714614849491987
ETHUSDT:USDT,Short,2025-05-14 08:15:00,2025-05-15 00:15:00,2621.8657599999997,2636.47242,-0.21168001236255662,Trailing_Stop,0 days 16:00:00,1074.4933755604675,-0.00019696568027183226
ETHUSDT:USDT,Short,2025-05-15 01:00:00,2025-05-15 07:30:00,2614.37078,2535.6612,0.9372720876624214,TP_Hit,0 days 06:30:00,1075.4306476481297,0.0008722921043355925
ETHUSDT:USDT,Short,2025-05-15 07:45:00,2025-05-15 08:45:00,2524.5407999999998,2568.53682,-0.5939573901338662,SL_Hit,0 days 01:00:00,1074.836690257996,-0.0005522972508107404
ETHUSDT:USDT,Short,2025-05-15 14:00:00,2025-05-15 15:30:00,2518.87216,2549.69922,-0.42648012713691585,Trailing_Stop,0 days 01:30:00,1074.410210130859,-0.00039678597781644953
ETHUSDT:USDT,Short,2025-05-15 18:00:00,2025-05-16 02:00:00,2566.4867400000003,2581.51272,-0.22075370419229756,Trailing_Stop,0 days 08:00:00,1074.1894564266668,-0.00020546500964968573
ETHUSDT:USDT,Short,2025-05-17 00:00:00,2025-05-17 04:30:00,2522.2454000000002,2516.03202,0.04708071057185492,Trailing_Stop,0 days 04:30:00,1074.2365371372387,4.382905668109949e-05
ETHUSDT:USDT,Short,2025-05-17 05:00:00,2025-05-18 05:45:00,2497.5249400000002,2516.36268,-0.27505893421988503,Trailing_Stop,1 days 00:45:00,1073.9614782030187,-0.00025605062266165213
ETHUSDT:USDT,Short,2025-05-18 17:00:00,2025-05-18 18:00:00,2564.77018,2477.62536,1.0614065056480086,TP_Hit,0 days 01:00:00,1075.0228847086667,0.000988309662115494
ETHUSDT:USDT,Short,2025-05-18 19:00:00,2025-05-18 20:00:00,2458.09396,2371.8642600000003,1.0979689484403252,TP_Hit,0 days 01:00:00,1076.120853657107,0.0010213447211757654
ETHUSDT:USDT,Short,2025-05-18 20:30:00,2025-05-18 22:30:00,2391.03834,2433.36702,-0.6032308628738718,SL_Hit,0 days 02:00:00,1075.5176227942331,-0.0005605605177373407
ETHUSDT:USDT,Short,2025-05-19 00:00:00,2025-05-19 02:00:00,2474.78052,2402.9964,0.9027007891859924,TP_Hit,0 days 02:00:00,1076.420323583419,0.0008393175249334917
ETHUSDT:USDT,Short,2025-05-19 04:00:00,2025-05-19 07:30:00,2395.55928,2412.33504,-0.2582070096035025,Trailing_Stop,0 days 03:30:00,1076.1621165738156,-0.00023987563588900862
ETHUSDT:USDT,Short,2025-05-20 12:00:00,2025-05-20 20:30:00,2500.8882,2511.4629,-0.1686609491127058,Trailing_Stop,0 days 08:30:00,1075.9934556247028,-0.0001567244809265178
ETHUSDT:USDT,Short,2025-05-21 17:00:00,2025-05-21 17:15:00,2560.54864,2481.66342,0.961199865028938,TP_Hit,0 days 00:15:00,1076.954655489732,0.000893313858002065
ETHUSDT:USDT,Short,2025-05-21 17:30:00,2025-05-21 19:45:00,2470.2495999999996,2516.13222,-0.6318118766718115,SL_Hit,0 days 02:15:00,1076.32284361306,-0.0005866652541509643
ETHUSDT:USDT,Short,2025-05-21 21:00:00,2025-05-21 23:15:00,2508.28338,2561.0819399999996,-0.7112975086784488,Trailing_Stop,0 days 02:15:00,1075.6115461043817,-0.0006608588797489823
ETHUSDT:USDT,Short,2025-05-23 06:00:00,2025-05-23 11:45:00,2666.19692,2570.45064,1.1253672845995695,TP_Hit,0 days 05:45:00,1076.736913388981,0.0010462580925940657
ETHUSDT:USDT,Short,2025-05-23 11:45:00,2025-05-24 10:30:00,2560.1893600000003,2574.1680600000004,-0.2084960773926099,Trailing_Stop,0 days 22:45:00,1076.5284173115886,-0.00019363697371188593
ETHUSDT:USDT,Short,2025-05-25 00:00:00,2025-05-25 21:00:00,2527.34518,2534.9598,-0.12950248887852212,Trailing_Stop,0 days 21:00:00,1076.3989148227101,-0.0001202963960782455
ETHUSDT:USDT,Short,2025-05-29 13:00:00,2025-05-30 00:45:00,2688.8515199999997,2577.3844799999997,1.3050412806210758,TP_Hit,0 days 11:45:00,1077.7039561033312,0.0012124141548730538
ETHUSDT:USDT,Short,2025-05-30 00:45:00,2025-05-30 02:00:00,2567.09552,2618.8773,-0.6838412393222342,SL_Hit,0 days 01:15:00,1077.020114864009,-0.0006345353336131287
ETHUSDT:USDT,Short,2025-05-30 13:00:00,2025-05-30 23:15:00,2598.91176,2523.34662,0.9062028755967759,TP_Hit,0 days 10:15:00,1077.9263177396056,0.0008413982831796396
ETHUSDT:USDT,Short,2025-05-31 01:00:00,2025-05-31 14:00:00,2514.8103,2545.4507399999998,-0.42594730186547736,Trailing_Stop,0 days 13:00:00,1077.5003704377402,-0.00039515437637571704
ETHUSDT:USDT,Short,2025-06-05 19:00:00,2025-06-05 20:15:00,2558.18338,2477.3448000000003,0.9881236827850159,TP_Hit,0 days 01:15:00,1078.4884941205253,0.000917051826519133
ETHUSDT:USDT,Short,2025-06-05 20:15:00,2025-06-06 03:30:00,2467.4552,2453.3268599999997,0.15271879508816255,Trailing_Stop,0 days 07:15:00,1078.6412129156133,0.00014160447322386638
ETHUSDT:USDT,Short,2025-06-12 15:00:00,2025-06-12 20:30:00,2759.26042,2655.2899799999996,1.1857351547261672,TP_Hit,0 days 05:30:00,1079.8269480703395,0.0010992859725071913
ETHUSDT:USDT,Short,2025-06-13 00:00:00,2025-06-13 01:00:00,2561.4169,2479.08828,1.0077923060916874,TP_Hit,0 days 01:00:00,1080.8347403764312,0.0009332905683570036
ETHUSDT:USDT,Short,2025-06-13 01:30:00,2025-06-13 03:30:00,2493.503,2507.24448,-0.21093796197781245,Trailing_Stop,0 days 02:00:00,1080.6238024144534,-0.00019516208546777047
ETHUSDT:USDT,Short,2025-06-16 22:00:00,2025-06-16 22:30:00,2647.18502,2558.62704,1.0510208169580935,TP_Hit,0 days 00:30:00,1081.6748232314114,0.0009726056511152326
ETHUSDT:USDT,Short,2025-06-16 22:45:00,2025-06-17 02:45:00,2563.5127,2613.0456599999998,-0.6588365761909394,Trailing_Stop,0 days 04:00:00,1081.0159866552206,-0.0006090893141273979
ETHUSDT:USDT,Short,2025-06-17 15:00:00,2025-06-17 19:00:00,2515.14962,2518.55706,-0.07632226544643572,Trailing_Stop,0 days 04:00:00,1080.9396643897742,-7.060234667066734e-05
ETHUSDT:USDT,Short,2025-06-18 18:15:00,2025-06-18 20:45:00,2488.72258,2532.72534,-0.60521317625183,Trailing_Stop,0 days 02:30:00,1080.3344512135222,-0.0005598954282000079
ETHUSDT:USDT,Short,2025-06-20 14:00:00,2025-06-20 17:15:00,2526.4869000000003,2421.0825,1.3183763009369045,TP_Hit,0 days 03:15:00,1081.6528275144592,0.0012203408855988584
ETHUSDT:USDT,Short,2025-06-20 17:30:00,2025-06-21 08:45:00,2404.29178,2445.27078,-0.5849706207809291,Trailing_Stop,0 days 15:15:00,1081.0678568936783,-0.0005408118075419521
ETHUSDT:USDT,Short,2025-06-21 21:00:00,2025-06-21 21:30:00,2389.4116,2302.1050200000004,1.151415313941726,TP_Hit,0 days 00:30:00,1082.21927220762,0.0010650721937568441
ETHUSDT:USDT,Short,2025-06-21 21:30:00,2025-06-21 23:45:00,2292.91498,2299.2192600000003,-0.12164289860807997,Trailing_Stop,0 days 02:15:00,1082.097629309012,-0.00011240134206791375
ETHUSDT:USDT,Short,2025-06-22 01:00:00,2025-06-22 13:15:00,2287.3162,2199.19962,1.2168884932612016,TP_Hit,0 days 12:15:00,1083.3145178022733,0.0011245644203454752
ETHUSDT:USDT,Short,2025-06-22 13:30:00,2025-06-22 20:45:00,2177.45636,2191.14354,-0.23658196347466998,Trailing_Stop,0 days 07:15:00,1083.0779358387986,-0.00021838714388744407
ETHUSDT:USDT,Short,2025-06-23 15:00:00,2025-06-23 16:15:00,2281.3381799999997,2214.14946,0.9234972234866561,TP_Hit,0 days 01:15:00,1084.001433062285,0.0008526599914264743
ETHUSDT:USDT,Short,2025-06-24 07:00:00,2025-06-24 15:15:00,2412.40552,2440.0703999999996,-0.40507905781202425,Trailing_Stop,0 days 08:15:00,1083.5963540044731,-0.0003736886737017997
ETHUSDT:USDT,Long,2025-07-02 16:00:00,2025-07-03 13:30:00,2539.3686000000002,2615.88774,0.9460772417758676,TP_Hit,0 days 21:30:00,1084.542431246249,0.0008730900932616414
ETHUSDT:USDT,Long,2025-07-10 21:00:00,2025-07-10 21:30:00,2828.16504,2951.6947800000003,1.3871751238161707,TP_Hit,0 days 00:30:00,1085.9296063700651,0.0012790418187900165
ETHUSDT:USDT,Long,2025-07-10 21:30:00,2025-07-11 15:45:00,2963.52522,2944.5490999999997,-0.2409728461882139,Trailing_Stop,0 days 18:15:00,1085.688633523877,-0.00022190466561988753
ETHUSDT:USDT,Short,2025-07-15 14:00:00,2025-07-15 15:45:00,3055.4768,3045.078,0.07816723731860264,Trailing_Stop,0 days 01:45:00,1085.7668007611956,7.19978407297539e-05
ETHUSDT:USDT,Short,2025-07-18 14:00:00,2025-07-18 15:15:00,3657.67,3551.59902,0.9110865956096816,TP_Hit,0 days 01:15:00,1086.6778873568053,0.0008391181190758878
ETHUSDT:USDT,Short,2025-07-19 00:00:00,2025-07-19 03:30:00,3545.01576,3601.22808,-0.5490177907638483,Trailing_Stop,0 days 03:30:00,1086.1288695660414,-0.0005052258789394193
ETHUSDT:USDT,Short,2025-07-20 17:00:00,2025-07-21 06:00:00,3767.83922,3793.68222,-0.2558478477264572,Trailing_Stop,0 days 13:00:00,1085.873021718315,-0.00023555938424568712
ETHUSDT:USDT,Short,2025-07-22 04:00:00,2025-07-22 11:45:00,3712.10092,3711.79878,-0.029927359737428105,Trailing_Stop,0 days 07:45:00,1085.8430943585774,-2.7560643960145015e-05
ETHUSDT:USDT,Short,2025-07-22 13:00:00,2025-07-22 16:00:00,3695.2447,3746.74854,-0.486151457147713,Trailing_Stop,0 days 03:00:00,1085.3569429014299,-0.0004477179618983529
ETHUSDT:USDT,Short,2025-07-23 13:00:00,2025-07-23 23:00:00,3641.37266,3632.41032,0.04749929803238473,Trailing_Stop,0 days 10:00:00,1085.4044421994622,4.376375748371686e-05
ETHUSDT:USDT,Short,2025-07-24 05:30:00,2025-07-24 08:00:00,3583.818,3643.0215,-0.5699399980336253,Trailing_Stop,0 days 02:30:00,1084.8345022014284,-0.0005250945876716928
ETHUSDT:USDT,Long,2025-07-24 14:00:00,2025-07-24 15:00:00,3628.71294,3757.85922,1.124577947783564,TP_Hit,0 days 01:00:00,1085.959080149212,0.001036635491866722
ETHUSDT:USDT,Short,2025-07-25 02:00:00,2025-07-25 08:15:00,3675.3345999999997,3671.55846,0.0008600833725722623,Trailing_Stop,0 days 06:15:00,1085.9599402325846,7.920034819086652e-07
ETHUSDT:USDT,Short,2025-07-25 14:00:00,2025-07-25 20:30:00,3672.46036,3697.6605600000003,-0.255908979596569,Trailing_Stop,0 days 06:30:00,1085.704031252988,-0.0002356523202335925
ETHUSDT:USDT,Short,2025-07-28 14:00:00,2025-07-29 07:00:00,3827.59946,3847.9305,-0.20540596553868795,Trailing_Stop,0 days 17:00:00,1085.4986252874494,-0.00018919149199581042
ETHUSDT:USDT,Short,2025-07-29 14:15:00,2025-07-30 02:00:00,3811.80112,3820.80636,-0.10942154301355345,Trailing_Stop,0 days 11:45:00,1085.389203744436,-0.00010080302311255007
ETHUSDT:USDT,Short,2025-07-30 18:00:00,2025-07-30 23:30:00,3790.3042,3811.48776,-0.2143630332188522,Trailing_Stop,0 days 05:30:00,1085.174840711217,-0.0001974987704681519
ETHUSDT:USDT,Short,2025-08-01 13:00:00,2025-08-01 18:45:00,3658.668,3555.57696,0.8838432728282086,TP_Hit,0 days 05:45:00,1086.0586839840453,0.000814470848079063
ETHUSDT:USDT,Short,2025-08-01 22:00:00,2025-08-02 18:15:00,3510.3951399999996,3400.80804,0.9835346495495187,TP_Hit,0 days 20:15:00,1087.0422186335948,0.0009055999128348979
ETHUSDT:USDT,Short,2025-08-05 14:00:00,2025-08-06 05:30:00,3601.12332,3653.4723599999998,-0.5062027482999341,Trailing_Stop,0 days 15:30:00,1086.5360158852948,-0.000465669814495584
ETHUSDT:USDT,Long,2025-08-07 10:00:00,2025-08-08 00:30:00,3802.70022,3912.81868,0.9103761620029189,TP_Hit,0 days 14:30:00,1087.4463920472976,0.0008378702120253045
ETHUSDT:USDT,Short,2025-08-14 12:00:00,2025-08-14 12:45:00,4719.9811199999995,4577.62698,0.950310794890953,TP_Hit,0 days 00:45:00,1088.3967028421887,0.0008738920850175358
ETHUSDT:USDT,Short,2025-08-14 12:45:00,2025-08-14 14:15:00,4559.35302,4664.31,-0.7835518356200701,Trailing_Stop,0 days 01:30:00,1087.6131510065686,-0.0007199138269842198
ETHUSDT:USDT,Short,2025-08-14 15:00:00,2025-08-14 21:15:00,4642.416560000001,4501.8858,0.9540792239320979,TP_Hit,0 days 06:15:00,1088.5672302305006,0.000877222956571444
ETHUSDT:USDT,Short,2025-08-14 21:15:00,2025-08-14 23:15:00,4483.914199999999,4571.66508,-0.6711206810387829,Trailing_Stop,0 days 02:00:00,1087.896109549462,-0.000616517439071318
ETHUSDT:USDT,Short,2025-08-15 13:00:00,2025-08-15 15:15:00,4599.552460000001,4442.557379999999,1.0802336224691444,TP_Hit,0 days 02:15:00,1088.9763431719311,0.0009929566003472612
ETHUSDT:USDT,Short,2025-08-18 01:00:00,2025-08-18 03:15:00,4443.70478,4314.62202,0.9153741385443368,TP_Hit,0 days 02:15:00,1089.8917173104753,0.0008405822075785441
ETHUSDT:USDT,Short,2025-08-18 06:00:00,2025-08-18 12:30:00,4264.6136799999995,4343.22912,-0.6348378199582072,Trailing_Stop,0 days 06:30:00,1089.2568794905171,-0.0005824778827797639
ETHUSDT:USDT,Short,2025-08-18 13:00:00,2025-08-18 22:00:00,4325.731199999999,4383.058620000001,-0.46531098465100484,Trailing_Stop,0 days 09:00:00,1088.7915685058663,-0.0004271820480661326
ETHUSDT:USDT,Short,2025-08-19 03:00:00,2025-08-19 10:15:00,4262.3582,4301.3355,-0.33105995491627027,Trailing_Stop,0 days 07:15:00,1088.46050855095,-0.00030406182826214767
ETHUSDT:USDT,Short,2025-08-19 14:00:00,2025-08-19 19:00:00,4262.907099999999,4132.087680000001,0.9684192363878594,TP_Hit,0 days 05:00:00,1089.4289277873377,0.0008897146279354118
ETHUSDT:USDT,Short,2025-08-19 23:00:00,2025-08-20 04:15:00,4115.72206,4171.426200000001,-0.47458600119536953,Trailing_Stop,0 days 05:15:00,1088.9543417861423,-0.0004356282352069307
ETHUSDT:USDT,Short,2025-08-20 13:30:00,2025-08-20 14:45:00,4167.40848,4220.09334,-0.4452562317191777,Trailing_Stop,0 days 01:15:00,1088.509085554423,-0.00040888420628260036
ETHUSDT:USDT,Long,2025-08-22 14:00:00,2025-08-22 16:00:00,4602.7371,4755.83926,1.0524801727263053,TP_Hit,0 days 02:00:00,1089.5615657271496,0.0009669006779033928
ETHUSDT:USDT,Short,2025-08-23 02:00:00,2025-08-23 22:45:00,4751.19856,4790.2914599999995,-0.301365539353057,Trailing_Stop,0 days 20:45:00,1089.2602001877965,-0.00027659340126595655
ETHUSDT:USDT,Short,2025-08-25 00:00:00,2025-08-25 06:45:00,4776.98688,4638.368219999999,0.9146188980122574,TP_Hit,0 days 06:45:00,1090.1748190858088,0.0008396698032799854
ETHUSDT:USDT,Short,2025-08-25 07:00:00,2025-08-25 12:45:00,4630.93956,4654.11966,-0.19624716064910785,Trailing_Stop,0 days 05:45:00,1089.9785719251597,-0.00018001439513504192
ETHUSDT:USDT,Short,2025-08-25 19:00:00,2025-08-25 20:00:00,4546.29918,4406.976360000001,0.9683810171334386,TP_Hit,0 days 01:00:00,1090.9469529422931,0.000888440417156966
ETHUSDT:USDT,Short,2025-08-25 20:15:00,2025-08-26 01:45:00,4396.90856,4427.66766,-0.26145495190642265,Trailing_Stop,0 days 05:30:00,1090.6854979903867,-0.00023965872144493527
ETHUSDT:USDT,Short,2025-08-28 16:00:00,2025-08-29 08:00:00,4510.700519999999,4380.744,0.9090396965566327,TP_Hit,0 days 16:00:00,1091.5945376869433,0.0008334572140471508
ETHUSDT:USDT,Short,2025-08-29 08:15:00,2025-08-29 21:30:00,4348.70516,4382.968440000001,-0.2905087532810384,Trailing_Stop,0 days 13:15:00,1091.3040289336623,-0.0002661324724990699
ETHUSDT:USDT,Short,2025-09-01 20:00:00,2025-09-02 01:30:00,4349.56344,4338.920520000001,0.047289923247795684,Trailing_Stop,0 days 05:30:00,1091.35131885691,4.3333408467294277e-05
ETHUSDT:USDT,Short,2025-09-02 12:00:00,2025-09-02 13:45:00,4316.80908,4385.222940000001,-0.551101843485732,Trailing_Stop,0 days 01:45:00,1090.8002170134243,-0.0005049719865303226
ETHUSDT:USDT,Short,2025-09-05 14:00:00,2025-09-06 16:15:00,4391.2,4266.12522,0.8984235083129235,TP_Hit,1 days 02:15:00,1091.6986405217372,0.0008236370824830086
ETHUSDT:USDT,Short,2025-09-22 00:30:00,2025-09-22 05:45:00,4350.29198,4226.1354,0.9010210403472101,TP_Hit,0 days 05:15:00,1092.5996615620845,0.0008253386116856554
ETHUSDT:USDT,Short,2025-09-25 04:00:00,2025-09-25 17:00:00,4037.39902,3905.0946000000004,1.0402733090360385,TP_Hit,0 days 13:00:00,1093.6399348711204,0.0009521083939827424
ETHUSDT:USDT,Short,2025-09-25 17:00:00,2025-09-25 18:45:00,3889.5054,3931.56744,-0.38726089228565996,Trailing_Stop,0 days 01:45:00,1093.2526739788348,-0.00035410273522185065
ETHUSDT:USDT,Short,2025-10-09 08:00:00,2025-10-09 22:15:00,4392.26786,4380.4935,0.05503502890459089,Trailing_Stop,0 days 14:15:00,1093.3077090077395,5.034063050080029e-05
ETHUSDT:USDT,Short,2025-10-10 14:00:00,2025-10-10 15:15:00,4340.42176,4167.6687,1.2713370285232628,TP_Hit,0 days 01:15:00,1094.5790460362628,0.001162835511035576
ETHUSDT:USDT,Short,2025-10-10 15:15:00,2025-10-10 19:15:00,4151.031300000001,3959.1023999999998,1.4839274208997253,TP_Hit,0 days 04:00:00,1096.0629734571623,0.001355706037196036
ETHUSDT:USDT,Short,2025-10-10 19:30:00,2025-10-10 20:45:00,4016.18154,3872.48952,1.1423987023247406,TP_Hit,0 days 01:15:00,1097.205372159487,0.0010422746958793638
ETHUSDT:USDT,Short,2025-10-10 22:30:00,2025-10-11 01:45:00,3857.0304800000004,3739.57422,0.968461192427938,TP_Hit,0 days 03:15:00,1098.1738333519152,0.0008826617304307227
ETHUSDT:USDT,Short,2025-10-13 11:00:00,2025-10-13 13:30:00,4116.2410199999995,4142.708879999999,-0.24457454980718296,Trailing_Stop,0 days 02:30:00,1097.9292588021078,-0.00022271023255104883
ETHUSDT:USDT,Short,2025-10-13 14:00:00,2025-10-13 17:30:00,4126.839779999999,4190.424120000001,-0.5399211862873798,Trailing_Stop,0 days 03:30:00,1097.3893376158205,-0.0004917631823350144
ETHUSDT:USDT,Short,2025-10-14 06:00:00,2025-10-14 10:15:00,4054.4847800000002,3926.15664,1.0080375113832858,TP_Hit,0 days 04:15:00,1098.3973751272038,0.0009185778254172661
ETHUSDT:USDT,Long,2025-10-14 15:00:00,2025-10-14 16:00:00,3970.01418,4081.1214,0.888338281242703,TP_Hit,0 days 01:00:00,1099.2857134084466,0.000808758561663403
ETHUSDT:USDT,Short,2025-10-15 14:00:00,2025-10-15 17:00:00,4076.60046,3943.9721999999997,1.0388744823120817,TP_Hit,0 days 03:00:00,1100.3245878907587,0.0009450450139036892
ETHUSDT:USDT,Short,2025-10-16 15:00:00,2025-10-16 16:15:00,4002.8183200000003,3884.9543999999996,0.9379977146724485,TP_Hit,0 days 01:15:00,1101.262585605431,0.0008524736473174421
ETHUSDT:USDT,Short,2025-10-17 06:00:00,2025-10-17 07:45:00,3886.3417400000003,3762.29958,1.0203927982619874,TP_Hit,0 days 01:45:00,1102.282978403693,0.0009265662990820545
ETHUSDT:USDT,Short,2025-10-17 07:45:00,2025-10-17 11:00:00,3747.28042,3783.4217399999998,-0.35168454764422563,Trailing_Stop,0 days 03:15:00,1101.9312938560488,-0.0003190510554318404
ETHUSDT:USDT,Short,2025-10-21 04:15:00,2025-10-21 14:30:00,3867.58932,3936.77784,-0.6238504046110549,Trailing_Stop,0 days 10:15:00,1101.3074434514378,-0.0005661427423735432
ETHUSDT:USDT,Short,2025-10-29 18:00:00,2025-10-29 19:00:00,3973.0479800000003,3954.3529200000003,0.12227040166381897,Trailing_Stop,0 days 01:00:00,1101.4297138531017,0.00011102295039489007
ETHUSDT:USDT,Short,2025-11-03 15:00:00,2025-11-03 15:45:00,3701.16284,3594.55476,0.9177708729021603,TP_Hit,0 days 00:45:00,1102.3474847260038,0.0008332541435545071
ETHUSDT:USDT,Short,2025-11-03 15:45:00,2025-11-03 17:15:00,3580.2052400000002,3645.1257,-0.632142288498379,SL_Hit,0 days 01:30:00,1101.7153424375053,-0.0005734510190819053
ETHUSDT:USDT,Short,2025-11-04 05:00:00,2025-11-04 05:45:00,3618.249,3497.2806,1.0708482670912929,TP_Hit,0 days 00:45:00,1102.7861907045967,0.0009719827126326575
ETHUSDT:USDT,Short,2025-11-04 05:45:00,2025-11-04 14:45:00,3483.3194000000003,3561.43866,-0.7742963408440673,Trailing_Stop,0 days 09:00:00,1102.0118943637526,-0.0007021273456002675
ETHUSDT:USDT,Short,2025-11-04 19:00:00,2025-11-04 20:15:00,3296.9229400000004,3189.42612,1.0438011315243472,TP_Hit,0 days 01:15:00,1103.055695495277,0.0009471777363410094
ETHUSDT:USDT,Short,2025-11-06 05:00:00,2025-11-06 15:30:00,3415.0562,3305.36754,1.02872138313203,TP_Hit,0 days 10:30:00,1104.084416878409,0.0009326105538760565
ETHUSDT:USDT,Short,2025-11-06 16:15:00,2025-11-06 17:45:00,3295.56566,3334.9766400000003,-0.4288318611109716,Trailing_Stop,0 days 01:30:00,1103.655585017298,-0.0003884049575877402
ETHUSDT:USDT,Short,2025-11-07 12:45:00,2025-11-07 14:30:00,3215.21668,3282.552,-0.7258221131540878,SL_Hit,0 days 01:45:00,1102.929762904144,-0.0006576527342475602
ETHUSDT:USDT,Short,2025-11-10 14:00:00,2025-11-11 01:00:00,3591.03354,3597.96156,-0.09685904610675777,Trailing_Stop,0 days 11:00:00,1102.832903858037,-8.781977725558221e-05
ETHUSDT:USDT,Short,2025-11-13 15:00:00,2025-11-13 16:45:00,3434.3575199999996,3333.3934799999997,0.9385825079418595,TP_Hit,0 days 01:45:00,1103.771486365979,0.0008510650205106884
ETHUSDT:USDT,Short,2025-11-13 17:15:00,2025-11-13 19:45:00,3300.92492,3202.62246,0.952019370345873,TP_Hit,0 days 02:30:00,1104.723505736325,0.000862514915547008
ETHUSDT:USDT,Short,2025-11-14 04:00:00,2025-11-14 06:45:00,3205.5660199999998,3227.4921000000004,-0.2596043662845062,Trailing_Stop,0 days 02:45:00,1104.4639013700405,-0.0002349948787515599
ETHUSDT:USDT,Short,2025-11-14 17:00:00,2025-11-14 20:30:00,3229.68768,3135.2079,0.9351809843517529,TP_Hit,0 days 03:30:00,1105.3990823543922,0.0008467284292330568
ETHUSDT:USDT,Short,2025-11-16 11:00:00,2025-11-16 16:00:00,3192.16288,3100.07778,0.9225128919661785,TP_Hit,0 days 05:00:00,1106.3215952463584,0.0008345518887180603
ETHUSDT:USDT,Short,2025-11-16 16:15:00,2025-11-16 18:00:00,3070.8360199999997,3122.40234,-0.5899619805264038,Trailing_Stop,0 days 01:45:00,1105.731633265832,-0.0005332644531764741
ETHUSDT:USDT,Short,2025-11-17 13:00:00,2025-11-17 17:45:00,3157.75184,3063.63504,0.954529368203417,TP_Hit,0 days 04:45:00,1106.6861626340353,0.0008632559108254778
ETHUSDT:USDT,Short,2025-11-17 19:15:00,2025-11-17 22:30:00,3005.2574400000003,3035.42874,-0.36618473739602564,Trailing_Stop,0 days 03:15:00,1106.3199778966393,-0.0003308839938185315
ETHUSDT:USDT,Short,2025-11-18 02:00:00,2025-11-18 08:00:00,3001.62472,3037.7634,-0.43238303396940836,Trailing_Stop,0 days 06:00:00,1105.8875948626699,-0.0003908299972956719
ETHUSDT:USDT,Short,2025-11-19 15:00:00,2025-11-19 15:45:00,3078.8200199999997,2977.5231599999997,1.057282546818719,TP_Hit,0 days 00:45:00,1106.9448774094885,0.0009560488350988106
ETHUSDT:USDT,Short,2025-11-19 15:45:00,2025-11-19 19:30:00,2965.63684,2881.3411800000003,0.9097662328830367,TP_Hit,0 days 03:45:00,1107.8546436423717,0.0008218713067376093
ETHUSDT:USDT,Short,2025-11-19 19:45:00,2025-11-19 20:45:00,2875.02842,2949.96816,-0.8986808227700891,Trailing_Stop,0 days 01:00:00,1106.9559628196016,-0.0008111901935216048
ETHUSDT:USDT,Short,2025-11-20 13:00:00,2025-11-20 16:00:00,3028.9200199999996,2903.295,1.3427501052964743,TP_Hit,0 days 03:00:00,1108.2987129248982,0.0012130113124610986
ETHUSDT:USDT,Short,2025-11-20 16:15:00,2025-11-20 21:30:00,2883.0423600000004,2892.83412,-0.1460604444309297,Trailing_Stop,0 days 05:15:00,1108.1526524804672,-0.0001317879762267049
ETHUSDT:USDT,Short,2025-11-20 23:00:00,2025-11-21 07:15:00,2861.18616,2760.9609,1.1301242117819967,TP_Hit,0 days 08:15:00,1109.2827766922492,0.0010198271955152993
ETHUSDT:USDT,Short,2025-11-21 07:15:00,2025-11-21 12:15:00,2749.9390999999996,2643.4764,1.253795207502236,TP_Hit,0 days 05:00:00,1110.5365718997514,0.0011302755562840883
ETHUSDT:USDT,Short,2025-11-21 15:00:00,2025-11-21 16:45:00,2735.29844,2766.8426400000003,-0.41714211297838233,Trailing_Stop,0 days 01:45:00,1110.119429786773,-0.0003756221303587992
ETHUSDT:USDT,Short,2025-11-21 22:00:00,2025-11-22 00:00:00,2759.3801799999997,2781.7524,-0.3030489458542931,Trailing_Stop,0 days 02:00:00,1109.8163808409188,-0.00027298769638905984
ETHUSDT:USDT,Long,2025-11-24 17:00:00,2025-11-24 18:45:00,2863.1148000000003,2949.76864,0.9733750411098185,TP_Hit,0 days 01:45:00,1110.7897558820284,0.0008770595369769207
ETHUSDT:USDT,Long,2025-11-26 17:00:00,2025-11-27 01:30:00,2949.17658,3032.15354,0.9033220254150365,TP_Hit,0 days 08:30:00,1111.6930779074435,0.0008132250235759475
ETHUSDT:USDT,Short,2025-12-01 00:00:00,2025-12-01 04:00:00,2909.32968,2823.82638,0.9458270640701798,TP_Hit,0 days 04:00:00,1112.6389049715137,0.0008507987347106116
ETHUSDT:USDT,Short,2025-12-01 15:00:00,2025-12-01 21:15:00,2793.96088,2788.27542,0.03447652299212933,Trailing_Stop,0 days 06:15:00,1112.673381494506,3.0986264131227514e-05
ETHUSDT:USDT,Short,2025-12-07 14:00:00,2025-12-07 15:45:00,3017.9519999999998,3031.8716400000003,-0.18718508199043526,Trailing_Stop,0 days 01:45:00,1112.4861964125155,-0.00016823003507016043
ETHUSDT:USDT,Short,2025-12-12 15:00:00,2025-12-12 15:45:00,3198.59,3076.14,1.2430101100139055,TP_Hit,0 days 00:45:00,1113.7292065225292,0.0011173263219104168
ETHUSDT:USDT,Short,2025-12-12 15:45:00,2025-12-13 08:15:00,3063.86,3128.1438000000003,-0.7337358220093222,Trailing_Stop,0 days 16:30:00,1112.99547070052,-0.0006588098953607124
ETHUSDT:USDT,Short,2026-01-21 16:00:00,2026-01-21 17:00:00,2974.9382,2877.3432,1.0608934070748788,TP_Hit,0 days 01:00:00,1114.0563641075948,0.0009531875331056927
ETHUSDT:USDT,Short,2026-01-29 15:15:00,2026-01-29 22:45:00,2828.79108,2824.40754,0.018317306256641075,Trailing_Stop,0 days 07:30:00,1114.0746814138515,1.6441992386484472e-05
ETHUSDT:USDT,Short,2026-01-31 14:00:00,2026-01-31 14:30:00,2604.42072,2525.9818800000003,0.9721680425029788,TP_Hit,0 days 00:30:00,1115.0468494563545,0.0008726237645659829
ETHUSDT:USDT,Short,2026-01-31 14:30:00,2026-01-31 17:00:00,2515.89812,2410.42122,1.3675680445851413,TP_Hit,0 days 02:30:00,1116.4144175009396,0.0012264668926260658
ETHUSDT:USDT,Short,2026-01-31 19:00:00,2026-01-31 21:45:00,2408.9225,2422.87608,-0.22730190431000352,Trailing_Stop,0 days 02:45:00,1116.1871155966296,-0.0002035999363201313
ETHUSDT:USDT,Short,2026-02-01 10:00:00,2026-02-01 14:30:00,2431.44736,2354.25912,1.0284789249453397,TP_Hit,0 days 04:30:00,1117.215594521575,0.0009214216062649605
ETHUSDT:USDT,Short,2026-02-01 15:00:00,2026-02-01 18:00:00,2331.8968600000003,2360.4514799999997,-0.44352300336754524,Trailing_Stop,0 days 03:00:00,1116.7720715182074,-0.00039698962809187055
ETHUSDT:USDT,Short,2026-02-01 19:00:00,2026-02-01 23:00:00,2334.95074,2262.1653,1.009818143963372,TP_Hit,0 days 04:00:00,1117.781889662171,0.0009042294034007359
ETHUSDT:USDT,Short,2026-02-01 23:30:00,2026-02-02 01:15:00,2290.07068,2314.23924,-0.38707927155370214,Trailing_Stop,0 days 01:45:00,1117.394810390617,-0.0003462923090217229
ETHUSDT:USDT,Short,2026-02-02 02:15:00,2026-02-02 03:15:00,2287.5058200000003,2175.1917,1.610719422887776,TP_Hit,0 days 01:00:00,1119.0055298135048,0.001441495349638
ETHUSDT:USDT,Short,2026-02-02 03:45:00,2026-02-02 04:15:00,2232.93518,2266.7243999999996,-0.5410526137824405,Trailing_Stop,0 days 00:30:00,1118.4644771997225,-0.00048351201076946015
ETHUSDT:USDT,Short,2026-02-02 05:00:00,2026-02-02 08:00:00,2212.9352599999997,2246.7846000000004,-0.5462859482063038,Trailing_Stop,0 days 03:00:00,1117.9181912515162,-0.0004884249427161702
ETHUSDT:USDT,Short,2026-02-03 02:00:00,2026-02-03 04:00:00,2322.93482,2350.7621400000003,-0.4348948069094547,Trailing_Stop,0 days 02:00:00,1117.4832964446066,-0.00038902203248225575
ETHUSDT:USDT,Short,2026-02-03 14:00:00,2026-02-03 15:45:00,2306.18838,2306.7643199999998,-0.04188842612496302,Trailing_Stop,0 days 01:45:00,1117.4414080184818,-3.748461051555907e-05
ETHUSDT:USDT,Short,2026-02-03 16:00:00,2026-02-03 17:45:00,2272.10668,2198.7086400000003,1.0483272519567493,TP_Hit,0 days 01:45:00,1118.4897352704384,0.0009381496375864273
ETHUSDT:USDT,Short,2026-02-03 18:00:00,2026-02-03 19:00:00,2169.8017,2182.3860600000003,-0.22796972096324453,Trailing_Stop,0 days 01:00:00,1118.2617655494753,-0.0002038192338957856
ETHUSDT:USDT,Long,2026-02-03 20:00:00,2026-02-03 20:30:00,2196.66456,2290.9189800000004,1.404482990567331,TP_Hit,0 days 00:30:00,1119.6662485400425,0.0012559519012769194
ETHUSDT:USDT,Long,2026-02-03 20:30:00,2026-02-03 22:00:00,2300.10102,2255.99896,-0.6769992297817566,Trailing_Stop,0 days 01:30:00,1118.989249310261,-0.0006046437772544433
ETHUSDT:USDT,Short,2026-02-04 13:00:00,2026-02-04 15:30:00,2235.93916,2159.50038,1.11291016069314,TP_Hit,0 days 02:30:00,1120.102159470954,0.0009945673395692634
ETHUSDT:USDT,Short,2026-02-05 14:15:00,2026-02-05 15:00:00,2072.1973,1999.90182,1.1375790173185862,TP_Hit,0 days 00:45:00,1121.2397384882725,0.0010156029141625833
ETHUSDT:USDT,Short,2026-02-05 15:30:00,2026-02-05 16:45:00,1959.4233,2001.33468,-0.7524054957590565,Trailing_Stop,0 days 01:15:00,1120.4873329925135,-0.0006710478320839375
ETHUSDT:USDT,Short,2026-02-05 17:00:00,2026-02-05 20:15:00,1970.33144,1877.0466,1.556269523035212,TP_Hit,0 days 03:15:00,1122.0436025155486,0.0013889220138514347
ETHUSDT:USDT,Short,2026-02-05 20:45:00,2026-02-05 23:00:00,1864.64324,1902.6978000000001,-0.7199509285867265,Trailing_Stop,0 days 02:15:00,1121.323651586962,-0.0006416425591417863
ETHUSDT:USDT,Short,2026-02-05 23:00:00,2026-02-05 23:45:00,1895.1022,1828.5999000000002,1.1456533851423174,TP_Hit,0 days 00:45:00,1122.4693049721043,0.0010216973337902058
ETHUSDT:USDT,Short,2026-02-06 06:00:00,2026-02-06 08:15:00,1942.4672799999998,1877.8782600000002,1.0849037307561957,TP_Hit,0 days 02:15:00,1123.5542087028605,0.0009665330944468309
ETHUSDT:USDT,Short,2026-02-07 06:00:00,2026-02-07 07:00:00,2077.5765199999996,2017.95786,0.932579971411819,TP_Hit,0 days 01:00:00,1124.4867886742722,0.0008300266815683965
ETHUSDT:USDT,Short,2026-02-07 07:30:00,2026-02-07 12:15:00,2029.66254,2058.01782,-0.50455059376187,Trailing_Stop,0 days 04:45:00,1123.9822380805103,-0.0004486941054743232
ETHUSDT:USDT,Short,2026-02-07 14:00:00,2026-02-07 17:30:00,2038.54474,2071.3845,-0.5763771029402491,Trailing_Stop,0 days 03:30:00,1123.4058609775702,-0.0005127991203174309
